,state_code,county_code,site_number,parameter_code,poc,latitude,longitude,datum,parameter,sample_duration,pollutant_standard,metric_used,method,year,units_of_measure,event_type,observation_count,observation_percent,validity_indicator,valid_day_count,required_day_count,exceptional_data_count,null_observation_count,primary_exceedance_count,secondary_exceedance_count,certification_indicator,arithmetic_mean,standard_deviation,first_max_value,first_max_datetime,second_max_value,second_max_datetime,third_max_value,third_max_datetime,fourth_max_value,fourth_max_datetime,first_max_nonoverlap_value,first_max_n_o_datetime,second_max_nonoverlap_value,second_max_n_o_datetime,ninety_ninth_percentile,ninety_eighth_percentile,ninety_fifth_percentile,ninetieth_percentile,seventy_fifth_percentile,fiftieth_percentile,tenth_percentile,local_site_name,site_address,state,county,city,cbsa_code,cbsa,date_of_last_change
0,01,073,0023,44201,1,33.553056,-86.815,WGS84,Ozone,1 HOUR,Ozone 1-hour 1979,Daily maxima of observed hourly values (between 9:00 AM and 8:00 PM),INSTRUMENTAL - ULTRA VIOLET ABSORPTION,2010,Parts per million,No Events,8671,100.0,Y,244,245,0,89,0.0,0.0,Uncertified (past due),0.054037,0.013593,0.088,2010-08-03 11:00,0.084,2010-05-06 16:00,0.084,2010-08-02 11:00,0.084,2010-08-10 11:00,,,,,0.084,0.084,0.078,0.071,0.063,0.055,0.041,North Birmingham,"NO. B'HAM,SOU R.R., 3009 28TH ST. NO.",Alabama,Jefferson,Birmingham,13820,"Birmingham-Hoover, AL",2020-05-21
1,01,073,0023,44201,1,33.553056,-86.815,WGS84,Ozone,8-HR RUN AVG BEGIN HOUR,Ozone 8-Hour 1997,Daily maximum of 8 hour running average of observed hourly values,,2010,Parts per million,No Events,8665,99.0,Y,242,245,0,0,0.0,0.0,Uncertified (past due),0.04707,0.012147,0.076,2010-09-20 10:00,0.075,2010-05-06 10:00,0.071,2010-10-10 09:00,0.07,2010-04-16 09:00,,,,,0.071,0.069,0.066,0.063,0.056,0.048,0.036,North Birmingham,"NO. B'HAM,SOU R.R., 3009 28TH ST. NO.",Alabama,Jefferson,Birmingham,13820,"Birmingham-Hoover, AL",2020-05-21
2,01,073,0023,44201,1,33.553056,-86.815,WGS84,Ozone,8-HR RUN AVG BEGIN HOUR,Ozone 8-Hour 2008,Daily maximum of 8 hour running average of observed hourly values,,2010,Parts per million,No Events,8665,99.0,Y,242,245,0,0,1.0,1.0,Uncertified (past due),0.04707,0.012147,0.076,2010-09-20 10:00,0.075,2010-05-06 10:00,0.071,2010-10-10 09:00,0.07,2010-04-16 09:00,,,,,0.071,0.069,0.066,0.063,0.056,0.048,0.036,North Birmingham,"NO. B'HAM,SOU R.R., 3009 28TH ST. NO.",Alabama,Jefferson,Birmingham,13820,"Birmingham-Hoover, AL",2020-05-21
3,01,073,0023,44201,1,33.553056,-86.815,WGS84,Ozone,8-HR RUN AVG BEGIN HOUR,Ozone 8-hour 2015,Daily maximum of 8-hour running average,,2010,Parts per million,No Events,6179,100.0,Y,244,245,0,0,3.0,3.0,Uncertified (past due),0.046947,0.01219,0.076,2010-09-20 10:00,0.075,2010-05-06 10:00,0.071,2010-10-10 09:00,0.07,2010-04-16 09:00,,,,,0.071,0.069,0.066,0.063,0.056,0.048,0.035,North Birmingham,"NO. B'HAM,SOU R.R., 3009 28TH ST. NO.",Alabama,Jefferson,Birmingham,13820,"Birmingham-Hoover, AL",2020-05-21
4,01,073,0023,88502,1,33.553056,-86.815,WGS84,Acceptable PM2.5 AQI & Speciation Mass,24 HOUR,,Observed Values,"IMPROVE Module A with Cyclone Inlet-Teflon Filter, 2.2 sq. cm. - GRAVIMETRIC",2010,Micrograms/cubic meter (LC),No Events,115,94.0,Y,115,122,0,7,,,Certification not required,12.852174,6.02897,31.3,2010-09-20 00:00,30.0,2010-04-14 00:00,29.8,2010-10-08 00:00,28.8,2010-10-11 00:00,,,,,30.0,29.8,25.7,21.5,15.9,12.1,6.0,North Birmingham,"NO. B'HAM,SOU R.R., 3009 28TH ST. NO.",Alabama,Jefferson,Birmingham,13820,"Birmingham-Hoover, AL",2020-05-21
5,01,073,0023,88502,3,33.553056,-86.815,WGS84,Acceptable PM2.5 AQI & Speciation Mass,1 HOUR,,Observed Values,PM2.5 SCC w/No Correction Factor - TEOM Gravimetric 50 deg C,2010,Micrograms/cubic meter (LC),No Events,8622,98.0,Y,360,365,0,138,,,Certification not required,14.156808,9.136768,86.7,2010-10-07 05:00,85.0,2010-10-07 04:00,83.8,2010-12-03 02:00,80.6,2010-04-14 06:00,,,,,44.5,39.5,31.5,25.8,18.2,12.0,5.4,North Birmingham,"NO. B'HAM,SOU R.R., 3009 28TH ST. NO.",Alabama,Jefferson,Birmingham,13820,"Birmingham-Hoover, AL",2020-05-21
6,01,073,0023,88502,3,33.553056,-86.815,WGS84,Acceptable PM2.5 AQI & Speciation Mass,24-HR BLK AVG,,Observed Values,,2010,Micrograms/cubic meter (LC),No Events,360,99.0,Y,360,365,0,0,,,Certification not required,14.110833,6.011305,33.2,2010-03-19 00:00,31.8,2010-09-20 00:00,31.5,2010-04-14 00:00,31.3,2010-04-12 00:00,,,,,31.3,27.9,25.8,23.0,18.1,13.0,7.0,North Birmingham,"NO. B'HAM,SOU R.R., 3009 28TH ST. NO.",Alabama,Jefferson,Birmingham,13820,"Birmingham-Hoover, AL",2020-05-21
7,01,073,0023,88502,5,33.553056,-86.815,WGS84,Acceptable PM2.5 AQI & Speciation Mass,24 HOUR,,Observed Values,Met One SASS/SuperSASS Teflon - Gravimetric,2010,Micrograms/cubic meter (LC),No Events,116,95.0,Y,116,122,0,6,,,Certification not required,13.616379,6.983583,31.6,2010-01-14 00:00,31.1,2010-04-14 00:00,31.0,2010-10-08 00:00,28.0,2010-10-11 00:00,,,,,31.1,31.0,27.8,22.9,18.1,13.4,5.2,North Birmingham,"NO. B'HAM,SOU R.R., 3009 28TH ST. NO.",Alabama,Jefferson,Birmingham,13820,"Birmingham-Hoover, AL",2020-05-21
8,01,073,0028,42101,1,33.529444,-86.850278,WGS84,Carbon monoxide,1 HOUR,CO 1-hour 1971,Obseved hourly values,INSTRUMENTAL - NONDISPERSIVE INFRARED,2010,Parts per million,No Events,8451,96.0,Y,353,365,0,309,0.0,0.0,Uncertified (past due),0.386132,0.329589,3.0,2010-02-23 20:00,2.5,2010-01-10 21:00,2.4,2010-01-19 06:00,2.3,2010-01-14 20:00,,,,,1.5,1.3,1.0,0.8,0.6,0.3,0.0,,"EAST THOMAS, FINLEY, 841 FINLEY AVE. BP.",Alabama,Jefferson,Birmingham,13820,"Birmingham-Hoover, AL",2020-05-21
9,01,073,0028,42101,1,33.529444,-86.850278,WGS84,Carbon monoxide,8-HR RUN AVG END HOUR,CO 8-hour 1971,8-Hour running average (end hour) of observed hourly values,,2010,Parts per million,No Events,8478,97.0,Y,354,365,0,0,0.0,0.0,Uncertified (past due),0.390623,0.29979,2.1,2010-01-15 01:00,2.1,2010-01-15 02:00,2.1,2010-01-15 03:00,2.0,2010-01-15 00:00,2.1,2010-01-15 01:00,1.9,2010-01-14 09:00,1.4,1.1,0.9,0.8,0.6,0.3,0.0,,"EAST THOMAS, FINLEY, 841 FINLEY AVE. BP.",Alabama,Jefferson,Birmingham,13820,"Birmingham-Hoover, AL",2020-05-21
10,01,073,2003,88502,3,33.499722,-86.924167,WGS84,Acceptable PM2.5 AQI & Speciation Mass,1 HOUR,,Observed Values,PM2.5 SCC w/No Correction Factor - TEOM Gravimetric 50 deg C,2010,Micrograms/cubic meter (LC),No Events,8625,98.0,Y,359,365,0,135,,,Certification not required,12.919583,7.97044,78.7,2010-10-21 07:00,76.2,2010-04-22 07:00,76.0,2010-11-08 07:00,75.3,2010-10-11 05:00,,,,,39.2,33.3,26.9,22.8,16.8,11.5,4.7,Wylam,1242 JERSEY ST WYLAM AL,Alabama,Jefferson,Birmingham,13820,"Birmingham-Hoover, AL",2020-05-21
11,01,073,2003,88502,3,33.499722,-86.924167,WGS84,Acceptable PM2.5 AQI & Speciation Mass,24-HR BLK AVG,,Observed Values,,2010,Micrograms/cubic meter (LC),No Events,359,98.0,Y,359,365,0,0,,,Certification not required,12.882451,5.292938,31.7,2010-09-21 00:00,29.2,2010-10-11 00:00,29.1,2010-05-06 00:00,28.7,2010-01-14 00:00,,,,,28.7,25.5,22.3,19.9,16.4,12.2,6.5,Wylam,1242 JERSEY ST WYLAM AL,Alabama,Jefferson,Birmingham,13820,"Birmingham-Hoover, AL",2020-05-21
12,01,073,2003,88502,5,33.499722,-86.924167,WGS84,Acceptable PM2.5 AQI & Speciation Mass,24 HOUR,,Observed Values,Met One SASS/SuperSASS Teflon - Gravimetric,2010,Micrograms/cubic meter (LC),No Events,61,100.0,Y,61,61,0,0,,,Certification not required,13.445902,5.537676,30.4,2010-01-14 00:00,30.4,2010-10-11 00:00,24.4,2010-11-10 00:00,23.7,2010-05-14 00:00,,,,,30.4,30.4,23.7,19.1,16.8,12.5,7.3,Wylam,1242 JERSEY ST WYLAM AL,Alabama,Jefferson,Birmingham,13820,"Birmingham-Hoover, AL",2020-05-21
13,01,073,6004,42101,1,33.565278,-86.796389,WGS84,Carbon monoxide,1 HOUR,CO 1-hour 1971,Obseved hourly values,INSTRUMENTAL - GAS FILTER CORRELATION CO ANALYZER,2010,Parts per million,No Events,8702,99.0,Y,363,365,0,58,0.0,0.0,Uncertified (past due),0.241956,0.171907,1.8,2010-12-03 07:00,1.7,2010-01-07 03:00,1.5,2010-01-13 19:00,1.4,2010-09-07 06:00,,,,,0.9,0.7,0.6,0.5,0.3,0.2,0.1,Sloss Shuttlesworth,4113 SHUTTLESWORTH DRIVE,Alabama,Jefferson,Birmingham,13820,"Birmingham-Hoover, AL",2020-05-21
14,01,073,6004,42101,1,33.565278,-86.796389,WGS84,Carbon monoxide,8-HR RUN AVG END HOUR,CO 8-hour 1971,8-Hour running average (end hour) of observed hourly values,,2010,Parts per million,No Events,8723,100.0,Y,362,365,0,0,0.0,0.0,Uncertified (past due),0.245156,0.149348,1.2,2010-01-14 02:00,1.1,2010-01-07 03:00,1.1,2010-01-07 04:00,1.1,2010-01-07 05:00,1.2,2010-01-14 02:00,1.1,2010-01-07 03:00,0.7,0.6,0.5,0.4,0.3,0.2,0.1,Sloss Shuttlesworth,4113 SHUTTLESWORTH DRIVE,Alabama,Jefferson,Birmingham,13820,"Birmingham-Hoover, AL",2020-05-21
15,01,097,0003,44201,1,30.770181,-88.087761,NAD83,Ozone,1 HOUR,Ozone 1-hour 1979,Daily maxima of observed hourly values (between 9:00 AM and 8:00 PM),INSTRUMENTAL - ULTRA VIOLET,2010,Parts per million,No Events,5558,99.0,Y,242,245,0,322,0.0,0.0,Uncertified (past due),0.049384,0.01446,0.093,2010-10-10 14:00,0.091,2010-08-25 13:00,0.089,2010-10-17 15:00,0.086,2010-07-09 12:00,,,,,0.089,0.083,0.075,0.069,0.057,0.049,0.032,CHICKASAW,"Iroquois and Azalea, CHICKASAW, MOBILE CO.,  ALABAMA",Alabama,Mobile,Chickasaw,33660,"Mobile, AL",2020-05-21
16,01,097,0003,44201,1,30.770181,-88.087761,NAD83,Ozone,8-HR RUN AVG BEGIN HOUR,Ozone 8-Hour 1997,Daily maximum of 8 hour running average of observed hourly values,,2010,Parts per million,No Events,5806,98.0,Y,241,245,0,0,0.0,0.0,Uncertified (past due),0.043033,0.012563,0.082,2010-10-10 10:00,0.075,2010-10-17 10:00,0.074,2010-08-25 10:00,0.074,2010-10-09 10:00,,,,,0.074,0.074,0.064,0.059,0.051,0.043,0.028,CHICKASAW,"Iroquois and Azalea, CHICKASAW, MOBILE CO.,  ALABAMA",Alabama,Mobile,Chickasaw,33660,"Mobile, AL",2020-05-21
17,01,097,0003,44201,1,30.770181,-88.087761,NAD83,Ozone,8-HR RUN AVG BEGIN HOUR,Ozone 8-Hour 2008,Daily maximum of 8 hour running average of observed hourly values,,2010,Parts per million,No Events,5806,98.0,Y,241,245,0,0,1.0,1.0,Uncertified (past due),0.043033,0.012563,0.082,2010-10-10 10:00,0.075,2010-10-17 10:00,0.074,2010-08-25 10:00,0.074,2010-10-09 10:00,,,,,0.074,0.074,0.064,0.059,0.051,0.043,0.028,CHICKASAW,"Iroquois and Azalea, CHICKASAW, MOBILE CO.,  ALABAMA",Alabama,Mobile,Chickasaw,33660,"Mobile, AL",2020-05-21
18,01,097,0003,44201,1,30.770181,-88.087761,NAD83,Ozone,8-HR RUN AVG BEGIN HOUR,Ozone 8-hour 2015,Daily maximum of 8-hour running average,,2010,Parts per million,No Events,4115,98.0,Y,240,245,0,0,6.0,6.0,Uncertified (past due),0.042742,0.012824,0.082,2010-10-10 10:00,0.075,2010-10-17 10:00,0.074,2010-08-25 10:00,0.074,2010-10-09 10:00,,,,,0.074,0.074,0.065,0.06,0.051,0.043,0.028,CHICKASAW,"Iroquois and Azalea, CHICKASAW, MOBILE CO.,  ALABAMA",Alabama,Mobile,Chickasaw,33660,"Mobile, AL",2020-05-21
19,01,049,9991,44201,9,34.289001,-85.970065,NAD83,Ozone,1 HOUR,Ozone 1-hour 1979,Daily maxima of observed hourly values (between 9:00 AM and 8:00 PM),INSTRUMENTAL - ULTRA VIOLET,2010,Parts per million,Events Inclucded,8483,98.0,Y,239,245,8483,277,0.0,0.0,Certification not required,0.053808,0.011338,0.078,2010-04-02 17:00,0.077,2010-04-01 15:00,0.077,2010-04-14 15:00,0.075,2010-09-21 10:00,,,,,0.077,0.074,0.072,0.069,0.062,0.055,0.044,Sand Mountain,"Sand Mountain Alabama Agricultural Experiment Station, Crossville, AL 35962",Alabama,DeKalb,Crossville,22840,"Fort Payne, AL",2021-03-15
20,01,049,9991,44201,9,34.289001,-85.970065,NAD83,Ozone,8-HR RUN AVG BEGIN HOUR,Ozone 8-Hour 1997,Daily maximum of 8 hour running average of observed hourly values,,2010,Parts per million,Events Inclucded,8525,97.0,Y,237,245,0,0,0.0,0.0,Certification not required,0.049367,0.010802,0.071,2010-04-01 13:00,0.071,2010-04-14 10:00,0.071,2010-05-06 09:00,0.071,2010-10-11 11:00,,,,,0.071,0.07,0.067,0.064,0.058,0.05,0.04,Sand Mountain,"Sand Mountain Alabama Agricultural Experiment Station, Crossville, AL 35962",Alabama,DeKalb,Crossville,22840,"Fort Payne, AL",2021-03-15
21,01,049,9991,44201,9,34.289001,-85.970065,NAD83,Ozone,8-HR RUN AVG BEGIN HOUR,Ozone 8-Hour 2008,Daily maximum of 8 hour running average of observed hourly values,,2010,Parts per million,Events Inclucded,8525,97.0,Y,237,245,0,0,0.0,0.0,Certification not required,0.049367,0.010802,0.071,2010-04-01 13:00,0.071,2010-04-14 10:00,0.071,2010-05-06 09:00,0.071,2010-10-11 11:00,,,,,0.071,0.07,0.067,0.064,0.058,0.05,0.04,Sand Mountain,"Sand Mountain Alabama Agricultural Experiment Station, Crossville, AL 35962",Alabama,DeKalb,Crossville,22840,"Fort Payne, AL",2021-03-15
22,01,049,9991,44201,9,34.289001,-85.970065,NAD83,Ozone,8-HR RUN AVG BEGIN HOUR,Ozone 8-hour 2015,Daily maximum of 8-hour running average,,2010,Parts per million,Events Inclucded,6041,97.0,Y,238,245,0,0,4.0,4.0,Certification not required,0.049387,0.010911,0.071,2010-04-01 13:00,0.071,2010-04-14 10:00,0.071,2010-05-06 09:00,0.071,2010-10-11 11:00,,,,,0.071,0.07,0.067,0.064,0.058,0.05,0.04,Sand Mountain,"Sand Mountain Alabama Agricultural Experiment Station, Crossville, AL 35962",Alabama,DeKalb,Crossville,22840,"Fort Payne, AL",2021-03-15
23,01,103,0011,44201,1,34.530717,-86.967536,NAD83,Ozone,1 HOUR,Ozone 1-hour 1979,Daily maxima of observed hourly values (between 9:00 AM and 8:00 PM),INSTRUMENTAL - ULTRA VIOLET,2010,Parts per million,No Events,5607,100.0,Y,245,245,0,273,0.0,0.0,Uncertified (past due),0.05362,0.012535,0.084,2010-05-04 12:00,0.081,2010-10-08 15:00,0.08,2010-08-27 12:00,0.078,2010-05-06 10:00,,,,,0.08,0.078,0.075,0.07,0.063,0.054,0.036,"DECATUR, Alabama","P.O. BOX 2224 WALLACE DEVELOPMENT CENTER. DECATUR, ALABAMA",Alabama,Morgan,Decatur,19460,"Decatur, AL",2020-05-21
24,01,103,0011,44201,1,34.530717,-86.967536,NAD83,Ozone,8-HR RUN AVG BEGIN HOUR,Ozone 8-Hour 1997,Daily maximum of 8 hour running average of observed hourly values,,2010,Parts per million,No Events,5866,100.0,Y,245,245,0,0,0.0,0.0,Uncertified (past due),0.048245,0.011407,0.073,2010-10-08 10:00,0.071,2010-05-06 09:00,0.071,2010-08-27 10:00,0.07,2010-04-11 10:00,,,,,0.071,0.07,0.066,0.064,0.057,0.049,0.033,"DECATUR, Alabama","P.O. BOX 2224 WALLACE DEVELOPMENT CENTER. DECATUR, ALABAMA",Alabama,Morgan,Decatur,19460,"Decatur, AL",2020-05-21
25,01,103,0011,44201,1,34.530717,-86.967536,NAD83,Ozone,8-HR RUN AVG BEGIN HOUR,Ozone 8-Hour 2008,Daily maximum of 8 hour running average of observed hourly values,,2010,Parts per million,No Events,5866,100.0,Y,245,245,0,0,0.0,0.0,Uncertified (past due),0.048245,0.011407,0.073,2010-10-08 10:00,0.071,2010-05-06 09:00,0.071,2010-08-27 10:00,0.07,2010-04-11 10:00,,,,,0.071,0.07,0.066,0.064,0.057,0.049,0.033,"DECATUR, Alabama","P.O. BOX 2224 WALLACE DEVELOPMENT CENTER. DECATUR, ALABAMA",Alabama,Morgan,Decatur,19460,"Decatur, AL",2020-05-21
26,01,103,0011,44201,1,34.530717,-86.967536,NAD83,Ozone,8-HR RUN AVG BEGIN HOUR,Ozone 8-hour 2015,Daily maximum of 8-hour running average,,2010,Parts per million,No Events,4154,100.0,Y,244,245,0,0,3.0,3.0,Uncertified (past due),0.048086,0.011624,0.073,2010-10-08 10:00,0.071,2010-05-06 09:00,0.071,2010-08-27 10:00,0.07,2010-04-11 10:00,,,,,0.071,0.07,0.066,0.064,0.057,0.049,0.032,"DECATUR, Alabama","P.O. BOX 2224 WALLACE DEVELOPMENT CENTER. DECATUR, ALABAMA",Alabama,Morgan,Decatur,19460,"Decatur, AL",2020-05-21
27,01,069,0004,44201,1,31.188933,-85.423094,NAD83,Ozone,1 HOUR,Ozone 1-hour 1979,Daily maxima of observed hourly values (between 9:00 AM and 8:00 PM),INSTRUMENTAL - ULTRA VIOLET,2010,Parts per million,No Events,5452,98.0,Y,240,245,0,428,0.0,0.0,Uncertified (past due),0.047829,0.012222,0.081,2010-10-09 11:00,0.078,2010-10-08 11:00,0.074,2010-04-22 11:00,0.073,2010-08-25 10:00,,,,,0.074,0.071,0.067,0.062,0.056,0.049,0.031,DOTHAN,161 BUFORD LANE,Alabama,Houston,Dothan,20020,"Dothan, AL",2020-05-21
28,01,069,0004,44201,1,31.188933,-85.423094,NAD83,Ozone,8-HR RUN AVG BEGIN HOUR,Ozone 8-Hour 1997,Daily maximum of 8 hour running average of observed hourly values,,2010,Parts per million,No Events,5693,97.0,Y,238,245,0,0,0.0,0.0,Uncertified (past due),0.043681,0.011968,0.075,2010-10-09 09:00,0.072,2010-10-08 09:00,0.068,2010-04-01 10:00,0.067,2010-04-22 09:00,,,,,0.068,0.067,0.063,0.058,0.052,0.045,0.026,DOTHAN,161 BUFORD LANE,Alabama,Houston,Dothan,20020,"Dothan, AL",2020-05-21
29,01,069,0004,44201,1,31.188933,-85.423094,NAD83,Ozone,8-HR RUN AVG BEGIN HOUR,Ozone 8-Hour 2008,Daily maximum of 8 hour running average of observed hourly values,,2010,Parts per million,No Events,5693,97.0,Y,238,245,0,0,0.0,0.0,Uncertified (past due),0.043681,0.011968,0.075,2010-10-09 09:00,0.072,2010-10-08 09:00,0.068,2010-04-01 10:00,0.067,2010-04-22 09:00,,,,,0.068,0.067,0.063,0.058,0.052,0.045,0.026,DOTHAN,161 BUFORD LANE,Alabama,Houston,Dothan,20020,"Dothan, AL",2020-05-21
30,01,069,0004,44201,1,31.188933,-85.423094,NAD83,Ozone,8-HR RUN AVG BEGIN HOUR,Ozone 8-hour 2015,Daily maximum of 8-hour running average,,2010,Parts per million,No Events,4048,97.0,Y,237,245,0,0,2.0,2.0,Uncertified (past due),0.043561,0.012008,0.075,2010-10-09 09:00,0.072,2010-10-08 09:00,0.068,2010-04-01 10:00,0.067,2010-04-22 09:00,,,,,0.068,0.067,0.063,0.058,0.052,0.045,0.026,DOTHAN,161 BUFORD LANE,Alabama,Houston,Dothan,20020,"Dothan, AL",2020-05-21
31,01,073,1003,42101,1,33.485556,-86.915,WGS84,Carbon monoxide,1 HOUR,CO 1-hour 1971,Obseved hourly values,INSTRUMENTAL - NONDISPERSIVE INFRARED,2010,Parts per million,No Events,8211,94.0,Y,345,365,0,549,0.0,0.0,Uncertified (past due),0.4635,0.394699,9.3,2010-03-13 20:00,6.5,2010-01-17 16:00,4.3,2010-01-11 12:00,4.3,2010-06-06 19:00,,,,,1.9,1.6,1.2,0.9,0.6,0.3,0.2,Fairfield,"FAIRFIELD, PFD, 5229 COURT B",Alabama,Jefferson,Fairfield,13820,"Birmingham-Hoover, AL",2021-03-21
32,01,073,1003,42101,1,33.485556,-86.915,WGS84,Carbon monoxide,8-HR RUN AVG END HOUR,CO 8-hour 1971,8-Hour running average (end hour) of observed hourly values,,2010,Parts per million,No Events,8240,94.0,Y,345,365,0,0,0.0,0.0,Uncertified (past due),0.468665,0.305723,2.2,2010-01-14 08:00,2.2,2010-01-14 09:00,2.2,2010-12-25 04:00,2.1,2010-01-14 07:00,2.2,2010-01-14 08:00,2.2,2010-12-25 04:00,1.6,1.4,1.1,0.9,0.6,0.4,0.2,Fairfield,"FAIRFIELD, PFD, 5229 COURT B",Alabama,Jefferson,Fairfield,13820,"Birmingham-Hoover, AL",2021-03-21
33,01,073,1003,44201,1,33.485556,-86.915,WGS84,Ozone,1 HOUR,Ozone 1-hour 1979,Daily maxima of observed hourly values (between 9:00 AM and 8:00 PM),INSTRUMENTAL - ULTRA VIOLET,2010,Parts per million,No Events,5846,100.0,Y,245,245,0,34,0.0,0.0,Uncertified (past due),0.052053,0.015287,0.096,2010-09-20 12:00,0.095,2010-06-21 11:00,0.095,2010-07-15 13:00,0.089,2010-08-10 12:00,,,,,0.095,0.088,0.077,0.073,0.062,0.052,0.032,Fairfield,"FAIRFIELD, PFD, 5229 COURT B",Alabama,Jefferson,Fairfield,13820,"Birmingham-Hoover, AL",2020-05-21
34,01,073,1003,44201,1,33.485556,-86.915,WGS84,Ozone,8-HR RUN AVG BEGIN HOUR,Ozone 8-Hour 1997,Daily maximum of 8 hour running average of observed hourly values,,2010,Parts per million,No Events,5869,100.0,Y,244,245,0,0,1.0,1.0,Uncertified (past due),0.045189,0.013283,0.087,2010-09-20 09:00,0.079,2010-09-02 10:00,0.075,2010-06-08 11:00,0.073,2010-10-09 09:00,,,,,0.075,0.072,0.068,0.062,0.056,0.045,0.027,Fairfield,"FAIRFIELD, PFD, 5229 COURT B",Alabama,Jefferson,Fairfield,13820,"Birmingham-Hoover, AL",2020-05-21
35,01,073,1003,44201,1,33.485556,-86.915,WGS84,Ozone,8-HR RUN AVG BEGIN HOUR,Ozone 8-Hour 2008,Daily maximum of 8 hour running average of observed hourly values,,2010,Parts per million,No Events,5869,100.0,Y,244,245,0,0,2.0,2.0,Uncertified (past due),0.045189,0.013283,0.087,2010-09-20 09:00,0.079,2010-09-02 10:00,0.075,2010-06-08 11:00,0.073,2010-10-09 09:00,,,,,0.075,0.072,0.068,0.062,0.056,0.045,0.027,Fairfield,"FAIRFIELD, PFD, 5229 COURT B",Alabama,Jefferson,Fairfield,13820,"Birmingham-Hoover, AL",2020-05-21
36,01,073,1003,44201,1,33.485556,-86.915,WGS84,Ozone,8-HR RUN AVG BEGIN HOUR,Ozone 8-hour 2015,Daily maximum of 8-hour running average,,2010,Parts per million,No Events,4161,100.0,Y,244,245,0,0,6.0,6.0,Uncertified (past due),0.045102,0.01345,0.087,2010-09-20 09:00,0.079,2010-09-02 10:00,0.075,2010-06-08 11:00,0.073,2010-10-09 09:00,,,,,0.075,0.072,0.068,0.062,0.056,0.045,0.027,Fairfield,"FAIRFIELD, PFD, 5229 COURT B",Alabama,Jefferson,Fairfield,13820,"Birmingham-Hoover, AL",2020-05-21
37,01,073,1003,42401,1,33.485556,-86.915,WGS84,Sulfur dioxide,1 HOUR,SO2 Annual 1971,Observed Values,INSTRUMENTAL - PULSED FLUORESCENT,2010,Parts per billion,No Events,8705,99.0,Y,365,365,0,55,,,Uncertified (past due),1.696726,2.282379,56.0,2010-01-18 14:00,34.0,2010-03-08 10:00,34.0,2010-06-21 11:00,33.0,2010-04-27 01:00,,,,,11.0,9.0,5.0,3.0,2.0,1.0,0.0,Fairfield,"FAIRFIELD, PFD, 5229 COURT B",Alabama,Jefferson,Fairfield,13820,"Birmingham-Hoover, AL",2020-05-21
38,01,073,1003,42401,1,33.485556,-86.915,WGS84,Sulfur dioxide,1 HOUR,SO2 1-hour 2010,Daily maximum 1-hour average,INSTRUMENTAL - PULSED FLUORESCENT,2010,Parts per billion,No Events,8705,99.0,Y,365,365,0,55,0.0,,Uncertified (past due),5.783562,5.97612,56.0,2010-01-18 14:00,34.0,2010-03-08 10:00,34.0,2010-06-21 11:00,33.0,2010-04-27 01:00,,,,,33.0,23.0,16.0,12.0,7.0,4.0,1.0,Fairfield,"FAIRFIELD, PFD, 5229 COURT B",Alabama,Jefferson,Fairfield,13820,"Birmingham-Hoover, AL",2020-05-21
39,01,073,1003,42401,1,33.485556,-86.915,WGS84,Sulfur dioxide,24-HR BLK AVG,SO2 24-hour 1971,Daily Average of observed values,,2010,Parts per billion,No Events,365,100.0,Y,365,365,0,0,0.0,,Uncertified (past due),1.699178,1.170223,7.5,2010-01-18 00:00,6.8,2010-01-06 00:00,6.4,2010-01-23 00:00,6.0,2010-12-22 00:00,,,,,6.0,5.3,4.2,3.0,2.1,1.4,0.6,Fairfield,"FAIRFIELD, PFD, 5229 COURT B",Alabama,Jefferson,Fairfield,13820,"Birmingham-Hoover, AL",2020-05-21
40,01,073,1003,42401,1,33.485556,-86.915,WGS84,Sulfur dioxide,3-HR BLK AVG,SO2 3-hour 1971,3-Hour block average of observed hourly values,,2010,Parts per billion,No Events,2882,99.0,Y,365,365,0,0,,0.0,Uncertified (past due),1.669327,1.948811,30.0,2010-06-21 11:00,22.0,2010-01-18 14:00,20.6,2010-03-08 11:00,18.3,2010-01-06 17:00,,,,,9.6,7.6,5.3,3.3,2.0,1.0,0.0,Fairfield,"FAIRFIELD, PFD, 5229 COURT B",Alabama,Jefferson,Fairfield,13820,"Birmingham-Hoover, AL",2020-05-21
41,01,003,0010,44201,1,30.497478,-87.880258,NAD83,Ozone,1 HOUR,Ozone 1-hour 1979,Daily maxima of observed hourly values (between 9:00 AM and 8:00 PM),INSTRUMENTAL - ULTRA VIOLET,2010,Parts per million,No Events,5297,93.0,Y,227,245,0,583,0.0,0.0,Uncertified (past due),0.050758,0.016157,0.092,2010-10-09 14:00,0.091,2010-10-10 13:00,0.09,2010-05-29 14:00,0.088,2010-09-03 14:00,,,,,0.09,0.085,0.079,0.071,0.061,0.052,0.027,"FAIRHOPE, Alabama","FAIRHOPE HIGH SCHOOL, 1 PIRATE DRIVE, FAIRHOPE,  ALABAMA",Alabama,Baldwin,Fairhope,19300,"Daphne-Fairhope-Foley, AL",2020-05-21
42,01,003,0010,44201,1,30.497478,-87.880258,NAD83,Ozone,8-HR RUN AVG BEGIN HOUR,Ozone 8-Hour 1997,Daily maximum of 8 hour running average of observed hourly values,,2010,Parts per million,No Events,5536,93.0,Y,227,245,0,0,2.0,2.0,Uncertified (past due),0.045004,0.014236,0.085,2010-10-09 10:00,0.085,2010-10-10 12:00,0.075,2010-10-19 10:00,0.074,2010-09-03 10:00,,,,,0.075,0.074,0.068,0.061,0.055,0.045,0.024,"FAIRHOPE, Alabama","FAIRHOPE HIGH SCHOOL, 1 PIRATE DRIVE, FAIRHOPE,  ALABAMA",Alabama,Baldwin,Fairhope,19300,"Daphne-Fairhope-Foley, AL",2020-05-21
43,01,003,0010,44201,1,30.497478,-87.880258,NAD83,Ozone,8-HR RUN AVG BEGIN HOUR,Ozone 8-Hour 2008,Daily maximum of 8 hour running average of observed hourly values,,2010,Parts per million,No Events,5536,93.0,Y,227,245,0,0,2.0,2.0,Uncertified (past due),0.045004,0.014236,0.085,2010-10-09 10:00,0.085,2010-10-10 12:00,0.075,2010-10-19 10:00,0.074,2010-09-03 10:00,,,,,0.075,0.074,0.068,0.061,0.055,0.045,0.024,"FAIRHOPE, Alabama","FAIRHOPE HIGH SCHOOL, 1 PIRATE DRIVE, FAIRHOPE,  ALABAMA",Alabama,Baldwin,Fairhope,19300,"Daphne-Fairhope-Foley, AL",2020-05-21
44,01,003,0010,44201,1,30.497478,-87.880258,NAD83,Ozone,8-HR RUN AVG BEGIN HOUR,Ozone 8-hour 2015,Daily maximum of 8-hour running average,,2010,Parts per million,No Events,3919,92.0,Y,226,245,0,0,6.0,6.0,Uncertified (past due),0.044814,0.014311,0.085,2010-10-09 10:00,0.085,2010-10-10 12:00,0.075,2010-10-19 10:00,0.074,2010-09-03 10:00,,,,,0.075,0.074,0.068,0.061,0.055,0.045,0.024,"FAIRHOPE, Alabama","FAIRHOPE HIGH SCHOOL, 1 PIRATE DRIVE, FAIRHOPE,  ALABAMA",Alabama,Baldwin,Fairhope,19300,"Daphne-Fairhope-Foley, AL",2020-05-21
45,01,117,0004,44201,1,33.317142,-86.825754,NAD83,Ozone,1 HOUR,Ozone 1-hour 1979,Daily maxima of observed hourly values (between 9:00 AM and 8:00 PM),INSTRUMENTAL - ULTRA VIOLET,2010,Parts per million,No Events,5402,97.0,Y,237,245,0,478,0.0,0.0,Uncertified (past due),0.055304,0.015302,0.107,2010-10-08 14:00,0.101,2010-10-09 15:00,0.097,2010-06-18 15:00,0.091,2010-07-15 13:00,,,,,0.097,0.085,0.078,0.075,0.066,0.054,0.035,HELENA,"HELENA, BEARDEN FARM",Alabama,Shelby,Helena,13820,"Birmingham-Hoover, AL",2020-05-21
46,01,117,0004,44201,1,33.317142,-86.825754,NAD83,Ozone,8-HR RUN AVG BEGIN HOUR,Ozone 8-Hour 1997,Daily maximum of 8 hour running average of observed hourly values,,2010,Parts per million,No Events,5648,95.0,Y,233,245,0,0,2.0,2.0,Uncertified (past due),0.048279,0.013128,0.088,2010-10-09 10:00,0.087,2010-10-08 10:00,0.074,2010-06-18 09:00,0.074,2010-10-10 10:00,,,,,0.074,0.073,0.068,0.065,0.058,0.049,0.03,HELENA,"HELENA, BEARDEN FARM",Alabama,Shelby,Helena,13820,"Birmingham-Hoover, AL",2020-05-21
47,01,117,0004,44201,1,33.317142,-86.825754,NAD83,Ozone,8-HR RUN AVG BEGIN HOUR,Ozone 8-Hour 2008,Daily maximum of 8 hour running average of observed hourly values,,2010,Parts per million,No Events,5648,95.0,Y,233,245,0,0,2.0,2.0,Uncertified (past due),0.048279,0.013128,0.088,2010-10-09 10:00,0.087,2010-10-08 10:00,0.074,2010-06-18 09:00,0.074,2010-10-10 10:00,,,,,0.074,0.073,0.068,0.065,0.058,0.049,0.03,HELENA,"HELENA, BEARDEN FARM",Alabama,Shelby,Helena,13820,"Birmingham-Hoover, AL",2020-05-21
48,01,117,0004,44201,1,33.317142,-86.825754,NAD83,Ozone,8-HR RUN AVG BEGIN HOUR,Ozone 8-hour 2015,Daily maximum of 8-hour running average,,2010,Parts per million,No Events,4006,96.0,Y,234,245,0,0,7.0,7.0,Uncertified (past due),0.048073,0.013205,0.088,2010-10-09 10:00,0.087,2010-10-08 10:00,0.074,2010-06-18 09:00,0.074,2010-10-10 10:00,,,,,0.074,0.073,0.068,0.065,0.058,0.048,0.03,HELENA,"HELENA, BEARDEN FARM",Alabama,Shelby,Helena,13820,"Birmingham-Hoover, AL",2020-05-21
49,01,073,2006,44201,1,33.386389,-86.816667,WGS84,Ozone,1 HOUR,Ozone 1-hour 1979,Daily maxima of observed hourly values (between 9:00 AM and 8:00 PM),INSTRUMENTAL - ULTRA VIOLET,2010,Parts per million,No Events,5826,100.0,Y,245,245,0,54,0.0,0.0,Uncertified (past due),0.055543,0.015671,0.107,2010-06-18 15:00,0.104,2010-10-08 14:00,0.098,2010-10-09 15:00,0.093,2010-07-15 11:00,,,,,0.098,0.092,0.079,0.075,0.066,0.054,0.036,Hoover,"3425 TAMASSEE LANE, HOOVER, AL 35226",Alabama,Jefferson,Hoover,13820,"Birmingham-Hoover, AL",2020-05-21
50,01,073,2006,44201,1,33.386389,-86.816667,WGS84,Ozone,8-HR RUN AVG BEGIN HOUR,Ozone 8-Hour 1997,Daily maximum of 8 hour running average of observed hourly values,,2010,Parts per million,No Events,5847,100.0,Y,245,245,0,0,3.0,3.0,Uncertified (past due),0.048371,0.013532,0.086,2010-10-09 09:00,0.085,2010-06-18 09:00,0.085,2010-10-08 09:00,0.077,2010-10-10 10:00,,,,,0.085,0.075,0.069,0.065,0.057,0.048,0.031,Hoover,"3425 TAMASSEE LANE, HOOVER, AL 35226",Alabama,Jefferson,Hoover,13820,"Birmingham-Hoover, AL",2020-05-21
51,01,073,2006,44201,1,33.386389,-86.816667,WGS84,Ozone,8-HR RUN AVG BEGIN HOUR,Ozone 8-Hour 2008,Daily maximum of 8 hour running average of observed hourly values,,2010,Parts per million,No Events,5847,100.0,Y,245,245,0,0,4.0,4.0,Uncertified (past due),0.048371,0.013532,0.086,2010-10-09 09:00,0.085,2010-06-18 09:00,0.085,2010-10-08 09:00,0.077,2010-10-10 10:00,,,,,0.085,0.075,0.069,0.065,0.057,0.048,0.031,Hoover,"3425 TAMASSEE LANE, HOOVER, AL 35226",Alabama,Jefferson,Hoover,13820,"Birmingham-Hoover, AL",2020-05-21
52,01,073,2006,44201,1,33.386389,-86.816667,WGS84,Ozone,8-HR RUN AVG BEGIN HOUR,Ozone 8-hour 2015,Daily maximum of 8-hour running average,,2010,Parts per million,No Events,4158,100.0,Y,244,245,0,0,11.0,11.0,Uncertified (past due),0.048246,0.013652,0.086,2010-10-09 09:00,0.085,2010-06-18 09:00,0.085,2010-10-08 09:00,0.077,2010-10-10 10:00,,,,,0.085,0.075,0.069,0.065,0.058,0.048,0.031,Hoover,"3425 TAMASSEE LANE, HOOVER, AL 35226",Alabama,Jefferson,Hoover,13820,"Birmingham-Hoover, AL",2020-05-21
53,01,073,2006,88502,3,33.386389,-86.816667,WGS84,Acceptable PM2.5 AQI & Speciation Mass,1 HOUR,,Observed Values,PM2.5 SCC w/No Correction Factor - TEOM Gravimetric 50 deg C,2010,Micrograms/cubic meter (LC),No Events,8575,98.0,Y,358,365,0,185,,,Certification not required,11.389819,5.828533,54.1,2010-06-10 20:00,50.1,2010-07-04 20:00,49.6,2010-07-04 21:00,41.0,2010-05-23 06:00,,,,,26.6,24.7,21.7,19.2,15.0,10.8,4.5,Hoover,"3425 TAMASSEE LANE, HOOVER, AL 35226",Alabama,Jefferson,Hoover,13820,"Birmingham-Hoover, AL",2020-05-21
54,01,073,2006,88502,3,33.386389,-86.816667,WGS84,Acceptable PM2.5 AQI & Speciation Mass,24-HR BLK AVG,,Observed Values,,2010,Micrograms/cubic meter (LC),No Events,358,98.0,Y,358,365,0,0,,,Certification not required,11.318156,4.217056,25.0,2010-09-20 00:00,23.8,2010-07-23 00:00,22.0,2010-06-17 00:00,21.6,2010-09-19 00:00,,,,,21.6,20.1,18.9,17.5,14.0,10.6,6.1,Hoover,"3425 TAMASSEE LANE, HOOVER, AL 35226",Alabama,Jefferson,Hoover,13820,"Birmingham-Hoover, AL",2020-05-21
55,01,089,0014,44201,1,34.687761,-86.586362,WGS84,Ozone,1 HOUR,Ozone 1-hour 1979,Daily maxima of observed hourly values (between 9:00 AM and 8:00 PM),INSTRUMENTAL - ULTRA VIOLET ABSORPTION,2010,Parts per million,No Events,5722,99.0,Y,243,245,0,158,0.0,0.0,Uncertified (past due),0.053819,0.011626,0.089,2010-05-06 13:00,0.08,2010-08-12 14:00,0.079,2010-04-14 13:00,0.078,2010-05-04 12:00,,,,,0.079,0.077,0.075,0.072,0.061,0.055,0.038,HUNTSVILLE OLD AIRPORT,2165 AIRPORT ROAD SW,Alabama,Madison,Huntsville,26620,"Huntsville, AL",2020-05-21
56,01,089,0014,44201,1,34.687761,-86.586362,WGS84,Ozone,8-HR RUN AVG BEGIN HOUR,Ozone 8-Hour 1997,Daily maximum of 8 hour running average of observed hourly values,,2010,Parts per million,No Events,5831,99.0,Y,243,245,0,0,0.0,0.0,Uncertified (past due),0.048914,0.010956,0.081,2010-05-06 09:00,0.072,2010-04-14 10:00,0.071,2010-04-13 10:00,0.071,2010-05-05 10:00,,,,,0.071,0.07,0.068,0.064,0.055,0.049,0.034,HUNTSVILLE OLD AIRPORT,2165 AIRPORT ROAD SW,Alabama,Madison,Huntsville,26620,"Huntsville, AL",2020-05-21
57,01,089,0014,44201,1,34.687761,-86.586362,WGS84,Ozone,8-HR RUN AVG BEGIN HOUR,Ozone 8-Hour 2008,Daily maximum of 8 hour running average of observed hourly values,,2010,Parts per million,No Events,5831,99.0,Y,243,245,0,0,1.0,1.0,Uncertified (past due),0.048914,0.010956,0.081,2010-05-06 09:00,0.072,2010-04-14 10:00,0.071,2010-04-13 10:00,0.071,2010-05-05 10:00,,,,,0.071,0.07,0.068,0.064,0.055,0.049,0.034,HUNTSVILLE OLD AIRPORT,2165 AIRPORT ROAD SW,Alabama,Madison,Huntsville,26620,"Huntsville, AL",2020-05-21
58,01,089,0014,44201,1,34.687761,-86.586362,WGS84,Ozone,8-HR RUN AVG BEGIN HOUR,Ozone 8-hour 2015,Daily maximum of 8-hour running average,,2010,Parts per million,No Events,4140,99.0,Y,242,245,0,0,4.0,4.0,Uncertified (past due),0.048806,0.011119,0.081,2010-05-06 09:00,0.072,2010-04-14 10:00,0.071,2010-04-13 10:00,0.071,2010-05-05 10:00,,,,,0.071,0.07,0.068,0.064,0.055,0.049,0.033,HUNTSVILLE OLD AIRPORT,2165 AIRPORT ROAD SW,Alabama,Madison,Huntsville,26620,"Huntsville, AL",2020-05-21
59,01,089,0014,88502,5,34.687761,-86.586362,WGS84,Acceptable PM2.5 AQI & Speciation Mass,24 HOUR,,Observed Values,Met One SASS/SuperSASS Teflon - Gravimetric,2010,Micrograms/cubic meter (LC),No Events,60,98.0,Y,60,61,0,1,,,Certification not required,11.57,4.365826,22.8,2010-01-14 00:00,19.9,2010-04-14 00:00,19.1,2010-08-12 00:00,19.0,2010-07-25 00:00,,,,,22.8,19.9,19.1,18.0,14.9,11.6,6.9,HUNTSVILLE OLD AIRPORT,2165 AIRPORT ROAD SW,Alabama,Madison,Huntsville,26620,"Huntsville, AL",2020-05-21
60,01,113,0002,44201,1,32.46735,-85.083447,NAD83,Ozone,1 HOUR,Ozone 1-hour 1979,Daily maxima of observed hourly values (between 9:00 AM and 8:00 PM),INSTRUMENTAL - ULTRA VIOLET,2010,Parts per million,No Events,5595,100.0,Y,245,245,0,285,0.0,0.0,Uncertified (past due),0.051102,0.012751,0.083,2010-04-01 16:00,0.083,2010-09-20 14:00,0.082,2010-08-23 11:00,0.081,2010-04-16 15:00,,,,,0.082,0.077,0.07,0.068,0.061,0.051,0.036,"LADONIA, PHENIX CITY","9 WOODLAND DRIVE (SCHOOL) LADONIA,  AL 36869",Alabama,Russell,Ladonia,17980,"Columbus, GA-AL",2020-05-21
61,01,113,0002,44201,1,32.46735,-85.083447,NAD83,Ozone,8-HR RUN AVG BEGIN HOUR,Ozone 8-Hour 1997,Daily maximum of 8 hour running average of observed hourly values,,2010,Parts per million,No Events,5876,100.0,Y,245,245,0,0,0.0,0.0,Uncertified (past due),0.045984,0.011827,0.073,2010-09-20 09:00,0.07,2010-04-16 10:00,0.069,2010-04-01 11:00,0.069,2010-08-25 09:00,,,,,0.069,0.067,0.064,0.062,0.055,0.046,0.03,"LADONIA, PHENIX CITY","9 WOODLAND DRIVE (SCHOOL) LADONIA,  AL 36869",Alabama,Russell,Ladonia,17980,"Columbus, GA-AL",2020-05-21
62,01,113,0002,44201,1,32.46735,-85.083447,NAD83,Ozone,8-HR RUN AVG BEGIN HOUR,Ozone 8-Hour 2008,Daily maximum of 8 hour running average of observed hourly values,,2010,Parts per million,No Events,5876,100.0,Y,245,245,0,0,0.0,0.0,Uncertified (past due),0.045984,0.011827,0.073,2010-09-20 09:00,0.07,2010-04-16 10:00,0.069,2010-04-01 11:00,0.069,2010-08-25 09:00,,,,,0.069,0.067,0.064,0.062,0.055,0.046,0.03,"LADONIA, PHENIX CITY","9 WOODLAND DRIVE (SCHOOL) LADONIA,  AL 36869",Alabama,Russell,Ladonia,17980,"Columbus, GA-AL",2020-05-21
63,01,113,0002,44201,1,32.46735,-85.083447,NAD83,Ozone,8-HR RUN AVG BEGIN HOUR,Ozone 8-hour 2015,Daily maximum of 8-hour running average,,2010,Parts per million,No Events,4161,100.0,Y,244,245,0,0,1.0,1.0,Uncertified (past due),0.045889,0.011894,0.073,2010-09-20 09:00,0.07,2010-04-16 10:00,0.069,2010-04-01 11:00,0.069,2010-08-25 09:00,,,,,0.069,0.067,0.064,0.062,0.055,0.046,0.03,"LADONIA, PHENIX CITY","9 WOODLAND DRIVE (SCHOOL) LADONIA,  AL 36869",Alabama,Russell,Ladonia,17980,"Columbus, GA-AL",2020-05-21
64,01,073,1010,44201,1,33.545278,-86.549167,WGS84,Ozone,1 HOUR,Ozone 1-hour 1979,Daily maxima of observed hourly values (between 9:00 AM and 8:00 PM),INSTRUMENTAL - ULTRA VIOLET,2010,Parts per million,No Events,5701,98.0,Y,239,245,0,179,0.0,0.0,Uncertified (past due),0.054146,0.013478,0.1,2010-06-08 16:00,0.097,2010-05-06 12:00,0.088,2010-10-09 14:00,0.087,2010-04-16 15:00,,,,,0.088,0.083,0.075,0.071,0.064,0.055,0.038,Leeds, 201 ASHVILLE ROAD,Alabama,Jefferson,Leeds,13820,"Birmingham-Hoover, AL",2020-05-21
65,01,073,1010,44201,1,33.545278,-86.549167,WGS84,Ozone,8-HR RUN AVG BEGIN HOUR,Ozone 8-Hour 1997,Daily maximum of 8 hour running average of observed hourly values,,2010,Parts per million,No Events,5716,97.0,Y,237,245,0,0,1.0,1.0,Uncertified (past due),0.047451,0.01182,0.085,2010-05-06 10:00,0.077,2010-06-08 10:00,0.075,2010-04-16 10:00,0.072,2010-08-06 09:00,,,,,0.075,0.071,0.065,0.061,0.055,0.048,0.031,Leeds, 201 ASHVILLE ROAD,Alabama,Jefferson,Leeds,13820,"Birmingham-Hoover, AL",2020-05-21
66,01,073,1010,44201,1,33.545278,-86.549167,WGS84,Ozone,8-HR RUN AVG BEGIN HOUR,Ozone 8-Hour 2008,Daily maximum of 8 hour running average of observed hourly values,,2010,Parts per million,No Events,5716,97.0,Y,237,245,0,0,2.0,2.0,Uncertified (past due),0.047451,0.01182,0.085,2010-05-06 10:00,0.077,2010-06-08 10:00,0.075,2010-04-16 10:00,0.072,2010-08-06 09:00,,,,,0.075,0.071,0.065,0.061,0.055,0.048,0.031,Leeds, 201 ASHVILLE ROAD,Alabama,Jefferson,Leeds,13820,"Birmingham-Hoover, AL",2020-05-21
67,01,073,1010,44201,1,33.545278,-86.549167,WGS84,Ozone,8-HR RUN AVG BEGIN HOUR,Ozone 8-hour 2015,Daily maximum of 8-hour running average,,2010,Parts per million,No Events,4056,97.0,Y,238,245,0,0,5.0,5.0,Uncertified (past due),0.04713,0.011995,0.085,2010-05-06 10:00,0.077,2010-06-08 10:00,0.075,2010-04-16 10:00,0.072,2010-08-06 09:00,,,,,0.075,0.071,0.065,0.061,0.054,0.048,0.031,Leeds, 201 ASHVILLE ROAD,Alabama,Jefferson,Leeds,13820,"Birmingham-Hoover, AL",2020-05-21
68,01,073,1010,88502,3,33.545278,-86.549167,WGS84,Acceptable PM2.5 AQI & Speciation Mass,1 HOUR,,Observed Values,PM2.5 SCC w/No Correction Factor - TEOM Gravimetric 50 deg C,2010,Micrograms/cubic meter (LC),No Events,8613,98.0,Y,359,365,0,147,,,Certification not required,12.678231,7.231242,93.6,2010-07-04 21:00,91.4,2010-03-19 07:00,64.3,2010-03-07 20:00,58.7,2010-03-07 19:00,,,,,34.3,30.3,25.5,21.9,16.6,11.7,4.9,Leeds, 201 ASHVILLE ROAD,Alabama,Jefferson,Leeds,13820,"Birmingham-Hoover, AL",2020-05-21
69,01,073,1010,88502,3,33.545278,-86.549167,WGS84,Acceptable PM2.5 AQI & Speciation Mass,24-HR BLK AVG,,Observed Values,,2010,Micrograms/cubic meter (LC),No Events,359,98.0,Y,359,365,0,0,,,Certification not required,12.630641,4.949302,29.5,2010-05-01 00:00,27.0,2010-08-01 00:00,26.6,2010-09-20 00:00,25.5,2010-11-12 00:00,,,,,25.5,23.0,20.9,19.8,15.9,12.1,6.3,Leeds, 201 ASHVILLE ROAD,Alabama,Jefferson,Leeds,13820,"Birmingham-Hoover, AL",2020-05-21
70,01,101,1002,44201,1,32.412811,-86.263394,NAD83,Ozone,1 HOUR,Ozone 1-hour 1979,Daily maxima of observed hourly values (between 9:00 AM and 8:00 PM),INSTRUMENTAL - ULTRA VIOLET,2010,Parts per million,No Events,5484,98.0,Y,239,245,0,396,0.0,0.0,Uncertified (past due),0.052381,0.012945,0.088,2010-10-09 12:00,0.086,2010-08-03 11:00,0.086,2010-10-08 13:00,0.078,2010-04-22 12:00,,,,,0.086,0.077,0.073,0.07,0.062,0.052,0.035,"MOMS, ADEM","1350 COLISEUM BLVD, MONTGOMERY, ALABAMA",Alabama,Montgomery,Montgomery,33860,"Montgomery, AL",2020-05-21
71,01,101,1002,44201,1,32.412811,-86.263394,NAD83,Ozone,8-HR RUN AVG BEGIN HOUR,Ozone 8-Hour 1997,Daily maximum of 8 hour running average of observed hourly values,,2010,Parts per million,No Events,5737,98.0,Y,239,245,0,0,0.0,0.0,Uncertified (past due),0.046711,0.011835,0.079,2010-10-09 09:00,0.078,2010-10-08 09:00,0.074,2010-08-03 09:00,0.072,2010-04-22 10:00,,,,,0.074,0.072,0.065,0.062,0.055,0.046,0.031,"MOMS, ADEM","1350 COLISEUM BLVD, MONTGOMERY, ALABAMA",Alabama,Montgomery,Montgomery,33860,"Montgomery, AL",2020-05-21
72,01,101,1002,44201,1,32.412811,-86.263394,NAD83,Ozone,8-HR RUN AVG BEGIN HOUR,Ozone 8-Hour 2008,Daily maximum of 8 hour running average of observed hourly values,,2010,Parts per million,No Events,5737,98.0,Y,239,245,0,0,2.0,2.0,Uncertified (past due),0.046711,0.011835,0.079,2010-10-09 09:00,0.078,2010-10-08 09:00,0.074,2010-08-03 09:00,0.072,2010-04-22 10:00,,,,,0.074,0.072,0.065,0.062,0.055,0.046,0.031,"MOMS, ADEM","1350 COLISEUM BLVD, MONTGOMERY, ALABAMA",Alabama,Montgomery,Montgomery,33860,"Montgomery, AL",2020-05-21
73,01,101,1002,44201,1,32.412811,-86.263394,NAD83,Ozone,8-HR RUN AVG BEGIN HOUR,Ozone 8-hour 2015,Daily maximum of 8-hour running average,,2010,Parts per million,No Events,4060,96.0,Y,235,245,0,0,6.0,6.0,Uncertified (past due),0.046719,0.011916,0.079,2010-10-09 09:00,0.078,2010-10-08 09:00,0.074,2010-08-03 09:00,0.072,2010-04-22 10:00,,,,,0.074,0.072,0.065,0.062,0.055,0.046,0.031,"MOMS, ADEM","1350 COLISEUM BLVD, MONTGOMERY, ALABAMA",Alabama,Montgomery,Montgomery,33860,"Montgomery, AL",2020-05-21
74,01,101,1002,88502,5,32.412811,-86.263394,NAD83,Acceptable PM2.5 AQI & Speciation Mass,24 HOUR,,Observed Values,Met One SASS/SuperSASS Teflon - Gravimetric,2010,Micrograms/cubic meter (LC),No Events,59,97.0,Y,59,61,0,1,,,Certification not required,11.898305,4.808093,26.7,2010-04-14 00:00,22.3,2010-10-11 00:00,21.4,2010-06-25 00:00,20.7,2010-01-14 00:00,,,,,26.7,22.3,21.4,19.1,15.0,11.4,6.5,"MOMS, ADEM","1350 COLISEUM BLVD, MONTGOMERY, ALABAMA",Alabama,Montgomery,Montgomery,33860,"Montgomery, AL",2020-05-21
75,01,079,0002,88502,1,34.342904,-87.33973,WGS84,Acceptable PM2.5 AQI & Speciation Mass,24 HOUR,,Observed Values,"IMPROVE Module A with Cyclone Inlet-Teflon Filter, 2.2 sq. cm. - GRAVIMETRIC",2010,Micrograms/cubic meter (LC),No Events,112,92.0,Y,112,122,0,10,,,Certification not required,8.486607,3.401179,16.1,2010-09-20 00:00,15.8,2010-04-14 00:00,15.6,2010-09-23 00:00,15.0,2010-08-27 00:00,,,,,15.8,15.6,14.3,13.2,11.0,8.1,4.0,SIPSEY (closed 11-01-2007),"US FOREST SERVICE RANGER STA., (SIPSEY) H'WY 33.",Alabama,Lawrence,Moulton,19460,"Decatur, AL",2020-05-21
76,01,033,1002,44201,1,34.762619,-87.638097,NAD83,Ozone,1 HOUR,Ozone 1-hour 1979,Daily maxima of observed hourly values (between 9:00 AM and 8:00 PM),INSTRUMENTAL - ULTRA VIOLET,2010,Parts per million,No Events,5345,94.0,Y,230,245,0,535,0.0,0.0,Uncertified (past due),0.051122,0.011781,0.084,2010-10-08 13:00,0.081,2010-04-03 23:00,0.081,2010-08-13 11:00,0.08,2010-08-12 13:00,,,,,0.081,0.077,0.07,0.066,0.059,0.052,0.035,MUSCLE SHOALS,WILSON DAM RD AND 2ND ST.,Alabama,Colbert,Muscle Shoals,22520,"Florence-Muscle Shoals, AL",2020-05-21
77,01,033,1002,44201,1,34.762619,-87.638097,NAD83,Ozone,8-HR RUN AVG BEGIN HOUR,Ozone 8-Hour 1997,Daily maximum of 8 hour running average of observed hourly values,,2010,Parts per million,No Events,5528,90.0,Y,220,245,0,0,0.0,0.0,Uncertified (past due),0.045236,0.010933,0.072,2010-10-08 10:00,0.07,2010-04-11 10:00,0.068,2010-08-13 09:00,0.068,2010-09-14 09:00,,,,,0.068,0.067,0.065,0.06,0.052,0.046,0.031,MUSCLE SHOALS,WILSON DAM RD AND 2ND ST.,Alabama,Colbert,Muscle Shoals,22520,"Florence-Muscle Shoals, AL",2020-05-21
78,01,033,1002,44201,1,34.762619,-87.638097,NAD83,Ozone,8-HR RUN AVG BEGIN HOUR,Ozone 8-Hour 2008,Daily maximum of 8 hour running average of observed hourly values,,2010,Parts per million,No Events,5528,90.0,Y,220,245,0,0,0.0,0.0,Uncertified (past due),0.045236,0.010933,0.072,2010-10-08 10:00,0.07,2010-04-11 10:00,0.068,2010-08-13 09:00,0.068,2010-09-14 09:00,,,,,0.068,0.067,0.065,0.06,0.052,0.046,0.031,MUSCLE SHOALS,WILSON DAM RD AND 2ND ST.,Alabama,Colbert,Muscle Shoals,22520,"Florence-Muscle Shoals, AL",2020-05-21
79,01,033,1002,44201,1,34.762619,-87.638097,NAD83,Ozone,8-HR RUN AVG BEGIN HOUR,Ozone 8-hour 2015,Daily maximum of 8-hour running average,,2010,Parts per million,No Events,3916,91.0,Y,222,245,0,0,1.0,1.0,Uncertified (past due),0.044959,0.011016,0.072,2010-10-08 10:00,0.07,2010-04-11 10:00,0.068,2010-08-13 09:00,0.068,2010-09-14 09:00,,,,,0.068,0.066,0.063,0.059,0.052,0.045,0.031,MUSCLE SHOALS,WILSON DAM RD AND 2ND ST.,Alabama,Colbert,Muscle Shoals,22520,"Florence-Muscle Shoals, AL",2020-05-21
80,01,113,0001,88502,5,32.472136,-85.005028,NAD83,Acceptable PM2.5 AQI & Speciation Mass,24 HOUR,,Observed Values,Met One SASS/SuperSASS Teflon - Gravimetric,2010,Micrograms/cubic meter (LC),No Events,58,95.0,Y,58,61,0,3,,,Certification not required,14.089655,6.673033,35.5,2010-01-14 00:00,33.4,2010-03-09 00:00,31.2,2010-12-10 00:00,27.0,2010-04-02 00:00,,,,,35.5,33.4,31.2,22.1,17.6,12.8,7.1,PHENIX CITY,"1319, 9th Avenue, Phenix City, AL 36837",Alabama,Russell,Phenix City,17980,"Columbus, GA-AL",2020-05-21
81,01,073,5002,44201,1,33.704722,-86.669167,WGS84,Ozone,1 HOUR,Ozone 1-hour 1979,Daily maxima of observed hourly values (between 9:00 AM and 8:00 PM),INSTRUMENTAL - ULTRA VIOLET ABSORPTION,2010,Parts per million,No Events,5839,100.0,Y,245,245,0,41,0.0,0.0,Uncertified (past due),0.055522,0.013284,0.098,2010-05-05 15:00,0.094,2010-08-05 12:00,0.09,2010-10-10 13:00,0.088,2010-06-08 15:00,,,,,0.09,0.087,0.077,0.072,0.064,0.055,0.039,,"PINSON, HIGH SCH., BOX 360 HWY 75 NORTH",Alabama,Jefferson,Pinson,13820,"Birmingham-Hoover, AL",2020-05-21
82,01,073,5002,44201,1,33.704722,-86.669167,WGS84,Ozone,8-HR RUN AVG BEGIN HOUR,Ozone 8-Hour 1997,Daily maximum of 8 hour running average of observed hourly values,,2010,Parts per million,No Events,5858,100.0,Y,244,245,0,0,0.0,0.0,Uncertified (past due),0.049,0.011293,0.079,2010-10-10 09:00,0.076,2010-05-05 09:00,0.076,2010-05-06 09:00,0.075,2010-08-05 09:00,,,,,0.076,0.073,0.068,0.063,0.056,0.05,0.033,,"PINSON, HIGH SCH., BOX 360 HWY 75 NORTH",Alabama,Jefferson,Pinson,13820,"Birmingham-Hoover, AL",2020-05-21
83,01,073,5002,44201,1,33.704722,-86.669167,WGS84,Ozone,8-HR RUN AVG BEGIN HOUR,Ozone 8-Hour 2008,Daily maximum of 8 hour running average of observed hourly values,,2010,Parts per million,No Events,5858,100.0,Y,244,245,0,0,3.0,3.0,Uncertified (past due),0.049,0.011293,0.079,2010-10-10 09:00,0.076,2010-05-05 09:00,0.076,2010-05-06 09:00,0.075,2010-08-05 09:00,,,,,0.076,0.073,0.068,0.063,0.056,0.05,0.033,,"PINSON, HIGH SCH., BOX 360 HWY 75 NORTH",Alabama,Jefferson,Pinson,13820,"Birmingham-Hoover, AL",2020-05-21
84,01,073,5002,44201,1,33.704722,-86.669167,WGS84,Ozone,8-HR RUN AVG BEGIN HOUR,Ozone 8-hour 2015,Daily maximum of 8-hour running average,,2010,Parts per million,No Events,4158,100.0,Y,244,245,0,0,7.0,7.0,Uncertified (past due),0.048766,0.011493,0.079,2010-10-10 09:00,0.076,2010-05-05 09:00,0.076,2010-05-06 09:00,0.075,2010-08-05 09:00,,,,,0.076,0.073,0.068,0.063,0.056,0.049,0.033,,"PINSON, HIGH SCH., BOX 360 HWY 75 NORTH",Alabama,Jefferson,Pinson,13820,"Birmingham-Hoover, AL",2020-05-21
85,01,073,5002,88502,3,33.704722,-86.669167,WGS84,Acceptable PM2.5 AQI & Speciation Mass,1 HOUR,,Observed Values,PM2.5 SCC w/No Correction Factor - TEOM Gravimetric 50 deg C,2010,Micrograms/cubic meter (LC),No Events,8709,99.0,Y,363,365,0,51,,,Certification not required,10.690929,5.798443,81.7,2010-02-27 17:00,70.0,2010-02-27 16:00,50.3,2010-07-05 01:00,41.3,2010-09-20 17:00,,,,,27.2,24.3,21.1,18.2,14.0,10.0,4.3,,"PINSON, HIGH SCH., BOX 360 HWY 75 NORTH",Alabama,Jefferson,Pinson,13820,"Birmingham-Hoover, AL",2020-05-21
86,01,073,5002,88502,3,33.704722,-86.669167,WGS84,Acceptable PM2.5 AQI & Speciation Mass,24-HR BLK AVG,,Observed Values,,2010,Micrograms/cubic meter (LC),No Events,363,99.0,Y,363,365,0,0,,,Certification not required,10.646006,4.077679,27.3,2010-09-21 00:00,25.5,2010-09-20 00:00,23.4,2010-09-19 00:00,19.8,2010-07-23 00:00,,,,,19.8,18.9,17.9,16.3,13.3,10.1,5.8,,"PINSON, HIGH SCH., BOX 360 HWY 75 NORTH",Alabama,Jefferson,Pinson,13820,"Birmingham-Hoover, AL",2020-05-21
87,01,055,0011,44201,1,33.904039,-86.053867,NAD83,Ozone,1 HOUR,Ozone 1-hour 1979,Daily maxima of observed hourly values (between 9:00 AM and 8:00 PM),INSTRUMENTAL - ULTRA VIOLET,2010,Parts per million,No Events,5577,99.0,Y,243,245,0,303,0.0,0.0,Uncertified (past due),0.050827,0.011085,0.078,2010-04-02 15:00,0.076,2010-05-06 16:00,0.075,2010-04-01 16:00,0.074,2010-09-16 15:00,,,,,0.075,0.072,0.069,0.066,0.058,0.051,0.037,SOUTHSIDE,"1450 PARKER ANDERSON LANE, SOUTHSIDE, AL 35907",Alabama,Etowah,Southside,23460,"Gadsden, AL",2020-05-21
88,01,055,0011,44201,1,33.904039,-86.053867,NAD83,Ozone,8-HR RUN AVG BEGIN HOUR,Ozone 8-Hour 1997,Daily maximum of 8 hour running average of observed hourly values,,2010,Parts per million,No Events,5842,99.0,Y,243,245,0,0,0.0,0.0,Uncertified (past due),0.045333,0.010263,0.068,2010-05-06 10:00,0.067,2010-09-02 09:00,0.066,2010-09-16 10:00,0.065,2010-04-01 10:00,,,,,0.066,0.065,0.062,0.058,0.052,0.046,0.033,SOUTHSIDE,"1450 PARKER ANDERSON LANE, SOUTHSIDE, AL 35907",Alabama,Etowah,Southside,23460,"Gadsden, AL",2020-05-21
89,01,055,0011,44201,1,33.904039,-86.053867,NAD83,Ozone,8-HR RUN AVG BEGIN HOUR,Ozone 8-Hour 2008,Daily maximum of 8 hour running average of observed hourly values,,2010,Parts per million,No Events,5842,99.0,Y,243,245,0,0,0.0,0.0,Uncertified (past due),0.045333,0.010263,0.068,2010-05-06 10:00,0.067,2010-09-02 09:00,0.066,2010-09-16 10:00,0.065,2010-04-01 10:00,,,,,0.066,0.065,0.062,0.058,0.052,0.046,0.033,SOUTHSIDE,"1450 PARKER ANDERSON LANE, SOUTHSIDE, AL 35907",Alabama,Etowah,Southside,23460,"Gadsden, AL",2020-05-21
90,01,055,0011,44201,1,33.904039,-86.053867,NAD83,Ozone,8-HR RUN AVG BEGIN HOUR,Ozone 8-hour 2015,Daily maximum of 8-hour running average,,2010,Parts per million,No Events,4139,99.0,Y,243,245,0,0,0.0,0.0,Uncertified (past due),0.045243,0.010383,0.068,2010-05-06 10:00,0.067,2010-09-02 09:00,0.066,2010-09-16 10:00,0.065,2010-04-01 10:00,,,,,0.066,0.065,0.062,0.058,0.052,0.046,0.033,SOUTHSIDE,"1450 PARKER ANDERSON LANE, SOUTHSIDE, AL 35907",Alabama,Etowah,Southside,23460,"Gadsden, AL",2020-05-21
91,01,073,6002,44201,1,33.578333,-86.773889,WGS84,Ozone,1 HOUR,Ozone 1-hour 1979,Daily maxima of observed hourly values (between 9:00 AM and 8:00 PM),INSTRUMENTAL - ULTRA VIOLET ABSORPTION,2010,Parts per million,Events Excluded,5713,98.0,Y,240,245,0,143,0.0,0.0,Uncertified (past due),0.056736,0.014122,0.093,2010-08-02 11:00,0.091,2010-05-05 13:00,0.091,2010-08-03 11:00,0.089,2010-04-16 14:00,,,,,0.091,0.088,0.082,0.076,0.065,0.057,0.038,Tarrant Elementary School,"TARRANT, ELEM. SCH., 1269 PORTLAND STREE",Alabama,Jefferson,Tarrant (corporate name for Tarrant City),13820,"Birmingham-Hoover, AL",2020-05-21
92,01,073,6002,44201,1,33.578333,-86.773889,WGS84,Ozone,1 HOUR,Ozone 1-hour 1979,Daily maxima of observed hourly values (between 9:00 AM and 8:00 PM),INSTRUMENTAL - ULTRA VIOLET ABSORPTION,2010,Parts per million,Events Inclucded,5737,98.0,Y,240,245,24,143,0.0,0.0,Uncertified (past due),0.05695,0.014476,0.108,2010-04-11 14:00,0.093,2010-08-02 11:00,0.091,2010-05-05 13:00,0.091,2010-08-03 11:00,,,,,0.091,0.089,0.082,0.077,0.065,0.057,0.038,Tarrant Elementary School,"TARRANT, ELEM. SCH., 1269 PORTLAND STREE",Alabama,Jefferson,Tarrant (corporate name for Tarrant City),13820,"Birmingham-Hoover, AL",2020-05-21
93,01,073,6002,44201,1,33.578333,-86.773889,WGS84,Ozone,1 HOUR,Ozone 1-hour 1979,Daily maxima of observed hourly values (between 9:00 AM and 8:00 PM),INSTRUMENTAL - ULTRA VIOLET ABSORPTION,2010,Parts per million,Concurred Events Excluded,5737,98.0,Y,240,245,24,143,0.0,0.0,Uncertified (past due),0.05695,0.014476,0.108,2010-04-11 14:00,0.093,2010-08-02 11:00,0.091,2010-05-05 13:00,0.091,2010-08-03 11:00,,,,,0.091,0.089,0.082,0.077,0.065,0.057,0.038,Tarrant Elementary School,"TARRANT, ELEM. SCH., 1269 PORTLAND STREE",Alabama,Jefferson,Tarrant (corporate name for Tarrant City),13820,"Birmingham-Hoover, AL",2020-05-21
94,01,073,6002,44201,1,33.578333,-86.773889,WGS84,Ozone,8-HR RUN AVG BEGIN HOUR,Ozone 8-Hour 1997,Daily maximum of 8 hour running average of observed hourly values,,2010,Parts per million,Events Excluded,5707,96.0,Y,236,245,0,0,0.0,0.0,Uncertified (past due),0.049271,0.012458,0.079,2010-04-16 09:00,0.077,2010-05-05 08:00,0.076,2010-04-15 10:00,0.076,2010-04-22 11:00,,,,,0.076,0.076,0.072,0.066,0.057,0.05,0.032,Tarrant Elementary School,"TARRANT, ELEM. SCH., 1269 PORTLAND STREE",Alabama,Jefferson,Tarrant (corporate name for Tarrant City),13820,"Birmingham-Hoover, AL",2020-05-21
95,01,073,6002,44201,1,33.578333,-86.773889,WGS84,Ozone,8-HR RUN AVG BEGIN HOUR,Ozone 8-Hour 2008,Daily maximum of 8 hour running average of observed hourly values,,2010,Parts per million,Events Excluded,5707,97.0,Y,237,245,0,0,7.0,7.0,Uncertified (past due),0.049405,0.012601,0.081,2010-05-04 09:00,0.079,2010-04-16 09:00,0.077,2010-05-05 08:00,0.076,2010-04-15 10:00,,,,,0.077,0.076,0.072,0.066,0.057,0.05,0.032,Tarrant Elementary School,"TARRANT, ELEM. SCH., 1269 PORTLAND STREE",Alabama,Jefferson,Tarrant (corporate name for Tarrant City),13820,"Birmingham-Hoover, AL",2020-05-21
96,01,073,6002,44201,1,33.578333,-86.773889,WGS84,Ozone,8-HR RUN AVG BEGIN HOUR,Ozone 8-hour 2015,Daily maximum of 8-hour running average,,2010,Parts per million,Events Excluded,4064,97.0,Y,237,245,0,0,14.0,14.0,Uncertified (past due),0.049354,0.012717,0.081,2010-05-04 09:00,0.079,2010-04-16 09:00,0.077,2010-05-05 08:00,0.076,2010-04-15 10:00,,,,,0.077,0.076,0.072,0.066,0.057,0.05,0.032,Tarrant Elementary School,"TARRANT, ELEM. SCH., 1269 PORTLAND STREE",Alabama,Jefferson,Tarrant (corporate name for Tarrant City),13820,"Birmingham-Hoover, AL",2020-05-21
97,01,073,6002,44201,1,33.578333,-86.773889,WGS84,Ozone,8-HR RUN AVG BEGIN HOUR,Ozone 8-Hour 1997,Daily maximum of 8 hour running average of observed hourly values,,2010,Parts per million,Events Inclucded,5724,96.0,Y,236,245,0,0,1.0,1.0,Uncertified (past due),0.049369,0.012701,0.092,2010-04-11 11:00,0.079,2010-04-16 09:00,0.077,2010-05-05 08:00,0.076,2010-04-15 10:00,,,,,0.077,0.076,0.072,0.066,0.057,0.05,0.032,Tarrant Elementary School,"TARRANT, ELEM. SCH., 1269 PORTLAND STREE",Alabama,Jefferson,Tarrant (corporate name for Tarrant City),13820,"Birmingham-Hoover, AL",2020-05-21
98,01,073,6002,44201,1,33.578333,-86.773889,WGS84,Ozone,8-HR RUN AVG BEGIN HOUR,Ozone 8-Hour 2008,Daily maximum of 8 hour running average of observed hourly values,,2010,Parts per million,Events Inclucded,5724,97.0,Y,237,245,0,0,8.0,8.0,Uncertified (past due),0.049502,0.012839,0.092,2010-04-11 11:00,0.081,2010-05-04 09:00,0.079,2010-04-16 09:00,0.077,2010-05-05 08:00,,,,,0.079,0.076,0.072,0.066,0.057,0.05,0.032,Tarrant Elementary School,"TARRANT, ELEM. SCH., 1269 PORTLAND STREE",Alabama,Jefferson,Tarrant (corporate name for Tarrant City),13820,"Birmingham-Hoover, AL",2020-05-21
99,01,073,6002,44201,1,33.578333,-86.773889,WGS84,Ozone,8-HR RUN AVG BEGIN HOUR,Ozone 8-hour 2015,Daily maximum of 8-hour running average,,2010,Parts per million,Events Inclucded,4074,97.0,Y,237,245,0,0,15.0,15.0,Uncertified (past due),0.049451,0.012953,0.092,2010-04-11 11:00,0.081,2010-05-04 09:00,0.079,2010-04-16 09:00,0.077,2010-05-05 08:00,,,,,0.079,0.076,0.072,0.066,0.057,0.05,0.032,Tarrant Elementary School,"TARRANT, ELEM. SCH., 1269 PORTLAND STREE",Alabama,Jefferson,Tarrant (corporate name for Tarrant City),13820,"Birmingham-Hoover, AL",2020-05-21
100,01,073,6002,44201,1,33.578333,-86.773889,WGS84,Ozone,8-HR RUN AVG BEGIN HOUR,Ozone 8-Hour 1997,Daily maximum of 8 hour running average of observed hourly values,,2010,Parts per million,Concurred Events Excluded,5724,96.0,Y,236,245,0,0,1.0,1.0,Uncertified (past due),0.049369,0.012701,0.092,2010-04-11 11:00,0.079,2010-04-16 09:00,0.077,2010-05-05 08:00,0.076,2010-04-15 10:00,,,,,0.077,0.076,0.072,0.066,0.057,0.05,0.032,Tarrant Elementary School,"TARRANT, ELEM. SCH., 1269 PORTLAND STREE",Alabama,Jefferson,Tarrant (corporate name for Tarrant City),13820,"Birmingham-Hoover, AL",2020-05-21
101,01,073,6002,44201,1,33.578333,-86.773889,WGS84,Ozone,8-HR RUN AVG BEGIN HOUR,Ozone 8-Hour 2008,Daily maximum of 8 hour running average of observed hourly values,,2010,Parts per million,Concurred Events Excluded,5724,97.0,Y,237,245,0,0,8.0,8.0,Uncertified (past due),0.049502,0.012839,0.092,2010-04-11 11:00,0.081,2010-05-04 09:00,0.079,2010-04-16 09:00,0.077,2010-05-05 08:00,,,,,0.079,0.076,0.072,0.066,0.057,0.05,0.032,Tarrant Elementary School,"TARRANT, ELEM. SCH., 1269 PORTLAND STREE",Alabama,Jefferson,Tarrant (corporate name for Tarrant City),13820,"Birmingham-Hoover, AL",2020-05-21
102,01,073,6002,44201,1,33.578333,-86.773889,WGS84,Ozone,8-HR RUN AVG BEGIN HOUR,Ozone 8-hour 2015,Daily maximum of 8-hour running average,,2010,Parts per million,Concurred Events Excluded,4074,97.0,Y,237,245,0,0,15.0,15.0,Uncertified (past due),0.049451,0.012953,0.092,2010-04-11 11:00,0.081,2010-05-04 09:00,0.079,2010-04-16 09:00,0.077,2010-05-05 08:00,,,,,0.079,0.076,0.072,0.066,0.057,0.05,0.032,Tarrant Elementary School,"TARRANT, ELEM. SCH., 1269 PORTLAND STREE",Alabama,Jefferson,Tarrant (corporate name for Tarrant City),13820,"Birmingham-Hoover, AL",2020-05-21
103,01,097,2005,44201,1,30.474305,-88.141022,NAD83,Ozone,1 HOUR,Ozone 1-hour 1979,Daily maxima of observed hourly values (between 9:00 AM and 8:00 PM),INSTRUMENTAL - ULTRA VIOLET,2010,Parts per million,No Events,5452,96.0,Y,234,245,0,428,0.0,0.0,Uncertified (past due),0.051197,0.015032,0.104,2010-06-21 10:00,0.094,2010-06-19 11:00,0.089,2010-08-24 12:00,0.087,2010-10-10 17:00,,,,,0.089,0.085,0.076,0.071,0.061,0.051,0.031,BAY ROAD,"BAY RD. ,MOBILE AL.",Alabama,Mobile,Theodore,33660,"Mobile, AL",2020-05-21
104,01,097,2005,44201,1,30.474305,-88.141022,NAD83,Ozone,8-HR RUN AVG BEGIN HOUR,Ozone 8-Hour 1997,Daily maximum of 8 hour running average of observed hourly values,,2010,Parts per million,No Events,5659,95.0,Y,232,245,0,0,0.0,0.0,Uncertified (past due),0.04544,0.013332,0.08,2010-08-24 10:00,0.08,2010-10-10 11:00,0.078,2010-10-09 10:00,0.077,2010-06-21 09:00,,,,,0.078,0.073,0.068,0.063,0.055,0.045,0.027,BAY ROAD,"BAY RD. ,MOBILE AL.",Alabama,Mobile,Theodore,33660,"Mobile, AL",2020-05-21
105,01,097,2005,44201,1,30.474305,-88.141022,NAD83,Ozone,8-HR RUN AVG BEGIN HOUR,Ozone 8-Hour 2008,Daily maximum of 8 hour running average of observed hourly values,,2010,Parts per million,No Events,5659,95.0,Y,232,245,0,0,4.0,4.0,Uncertified (past due),0.04544,0.013332,0.08,2010-08-24 10:00,0.08,2010-10-10 11:00,0.078,2010-10-09 10:00,0.077,2010-06-21 09:00,,,,,0.078,0.073,0.068,0.063,0.055,0.045,0.027,BAY ROAD,"BAY RD. ,MOBILE AL.",Alabama,Mobile,Theodore,33660,"Mobile, AL",2020-05-21
106,01,097,2005,44201,1,30.474305,-88.141022,NAD83,Ozone,8-HR RUN AVG BEGIN HOUR,Ozone 8-hour 2015,Daily maximum of 8-hour running average,,2010,Parts per million,No Events,4015,94.0,Y,231,245,0,0,6.0,6.0,Uncertified (past due),0.045294,0.013444,0.08,2010-08-24 10:00,0.08,2010-10-10 11:00,0.078,2010-10-09 10:00,0.077,2010-06-21 09:00,,,,,0.078,0.073,0.068,0.063,0.055,0.045,0.027,BAY ROAD,"BAY RD. ,MOBILE AL.",Alabama,Mobile,Theodore,33660,"Mobile, AL",2020-05-21
107,01,125,0010,44201,1,33.089772,-87.459733,NAD83,Ozone,1 HOUR,Ozone 1-hour 1979,Daily maxima of observed hourly values (between 9:00 AM and 8:00 PM),INSTRUMENTAL - ULTRA VIOLET,2010,Parts per million,No Events,5603,100.0,Y,245,245,0,277,0.0,0.0,Uncertified (past due),0.043482,0.011369,0.075,2010-05-04 15:00,0.072,2010-10-08 14:00,0.071,2010-10-09 12:00,0.067,2010-04-12 13:00,,,,,0.071,0.066,0.063,0.059,0.051,0.043,0.028,"DUNCANVILLE, TUSCALOOSA","11690 SOUTHFORK DR. DUNCANVILLE, AL_35456",Alabama,Tuscaloosa,Tuscaloosa,46220,"Tuscaloosa, AL",2020-05-21
108,01,125,0010,44201,1,33.089772,-87.459733,NAD83,Ozone,8-HR RUN AVG BEGIN HOUR,Ozone 8-Hour 1997,Daily maximum of 8 hour running average of observed hourly values,,2010,Parts per million,No Events,5874,100.0,Y,245,245,0,0,0.0,0.0,Uncertified (past due),0.037763,0.010299,0.063,2010-05-04 10:00,0.061,2010-04-12 10:00,0.06,2010-10-08 10:00,0.06,2010-10-09 10:00,,,,,0.06,0.058,0.055,0.052,0.045,0.038,0.024,"DUNCANVILLE, TUSCALOOSA","11690 SOUTHFORK DR. DUNCANVILLE, AL_35456",Alabama,Tuscaloosa,Tuscaloosa,46220,"Tuscaloosa, AL",2020-05-21
109,01,125,0010,44201,1,33.089772,-87.459733,NAD83,Ozone,8-HR RUN AVG BEGIN HOUR,Ozone 8-Hour 2008,Daily maximum of 8 hour running average of observed hourly values,,2010,Parts per million,No Events,5874,100.0,Y,245,245,0,0,0.0,0.0,Uncertified (past due),0.037763,0.010299,0.063,2010-05-04 10:00,0.061,2010-04-12 10:00,0.06,2010-10-08 10:00,0.06,2010-10-09 10:00,,,,,0.06,0.058,0.055,0.052,0.045,0.038,0.024,"DUNCANVILLE, TUSCALOOSA","11690 SOUTHFORK DR. DUNCANVILLE, AL_35456",Alabama,Tuscaloosa,Tuscaloosa,46220,"Tuscaloosa, AL",2020-05-21
110,01,125,0010,44201,1,33.089772,-87.459733,NAD83,Ozone,8-HR RUN AVG BEGIN HOUR,Ozone 8-hour 2015,Daily maximum of 8-hour running average,,2010,Parts per million,No Events,4159,100.0,Y,244,245,0,0,0.0,0.0,Uncertified (past due),0.037537,0.010333,0.063,2010-05-04 10:00,0.061,2010-04-12 10:00,0.06,2010-10-08 10:00,0.06,2010-10-09 10:00,,,,,0.06,0.058,0.055,0.052,0.045,0.037,0.024,"DUNCANVILLE, TUSCALOOSA","11690 SOUTHFORK DR. DUNCANVILLE, AL_35456",Alabama,Tuscaloosa,Tuscaloosa,46220,"Tuscaloosa, AL",2020-05-21
111,01,051,0001,44201,1,32.498567,-86.136587,WGS84,Ozone,1 HOUR,Ozone 1-hour 1979,Daily maxima of observed hourly values (between 9:00 AM and 8:00 PM),INSTRUMENTAL - ULTRA VIOLET,2010,Parts per million,No Events,5519,98.0,Y,240,245,0,361,0.0,0.0,Uncertified (past due),0.050996,0.012457,0.082,2010-10-11 12:00,0.08,2010-05-05 13:00,0.079,2010-04-22 12:00,0.079,2010-10-08 15:00,,,,,0.079,0.079,0.072,0.067,0.06,0.051,0.035,"DBT, WETUMPKA","DEWBERRY TRAIL, ELMORE CO., WETUMPKA,  ALABAMA",Alabama,Elmore,Wetumpka,33860,"Montgomery, AL",2020-05-21
112,01,051,0001,44201,1,32.498567,-86.136587,WGS84,Ozone,8-HR RUN AVG BEGIN HOUR,Ozone 8-Hour 1997,Daily maximum of 8 hour running average of observed hourly values,,2010,Parts per million,No Events,5774,98.0,Y,239,245,0,0,0.0,0.0,Uncertified (past due),0.045937,0.011981,0.074,2010-05-05 09:00,0.073,2010-04-22 09:00,0.073,2010-10-08 08:00,0.073,2010-10-11 09:00,,,,,0.073,0.071,0.066,0.061,0.054,0.046,0.03,"DBT, WETUMPKA","DEWBERRY TRAIL, ELMORE CO., WETUMPKA,  ALABAMA",Alabama,Elmore,Wetumpka,33860,"Montgomery, AL",2020-05-21
113,01,051,0001,44201,1,32.498567,-86.136587,WGS84,Ozone,8-HR RUN AVG BEGIN HOUR,Ozone 8-Hour 2008,Daily maximum of 8 hour running average of observed hourly values,,2010,Parts per million,No Events,5774,98.0,Y,239,245,0,0,0.0,0.0,Uncertified (past due),0.045937,0.011981,0.074,2010-05-05 09:00,0.073,2010-04-22 09:00,0.073,2010-10-08 08:00,0.073,2010-10-11 09:00,,,,,0.073,0.071,0.066,0.061,0.054,0.046,0.03,"DBT, WETUMPKA","DEWBERRY TRAIL, ELMORE CO., WETUMPKA,  ALABAMA",Alabama,Elmore,Wetumpka,33860,"Montgomery, AL",2020-05-21
114,01,051,0001,44201,1,32.498567,-86.136587,WGS84,Ozone,8-HR RUN AVG BEGIN HOUR,Ozone 8-hour 2015,Daily maximum of 8-hour running average,,2010,Parts per million,No Events,4095,98.0,Y,239,245,0,0,5.0,5.0,Uncertified (past due),0.045879,0.01206,0.074,2010-05-05 09:00,0.073,2010-04-22 09:00,0.073,2010-10-08 08:00,0.073,2010-10-11 09:00,,,,,0.073,0.071,0.066,0.061,0.054,0.046,0.031,"DBT, WETUMPKA","DEWBERRY TRAIL, ELMORE CO., WETUMPKA,  ALABAMA",Alabama,Elmore,Wetumpka,33860,"Montgomery, AL",2020-05-21
115,01,073,5003,44201,1,33.801667,-86.9425,WGS84,Ozone,1 HOUR,Ozone 1-hour 1979,Daily maxima of observed hourly values (between 9:00 AM and 8:00 PM),INSTRUMENTAL - ULTRA VIOLET ABSORPTION,2010,Parts per million,No Events,5365,92.0,Y,225,245,0,515,0.0,0.0,Uncertified (past due),0.055009,0.012361,0.089,2010-06-08 12:00,0.085,2010-04-15 16:00,0.083,2010-05-06 14:00,0.081,2010-08-09 14:00,,,,,0.083,0.081,0.075,0.072,0.063,0.055,0.039,Corner,10005 CORNER SCHOOL ROAD,Alabama,Jefferson,,13820,"Birmingham-Hoover, AL",2020-05-21
116,01,073,5003,44201,1,33.801667,-86.9425,WGS84,Ozone,8-HR RUN AVG BEGIN HOUR,Ozone 8-Hour 1997,Daily maximum of 8 hour running average of observed hourly values,,2010,Parts per million,No Events,5361,90.0,Y,221,245,0,0,0.0,0.0,Uncertified (past due),0.049643,0.011454,0.082,2010-06-08 11:00,0.075,2010-04-15 12:00,0.074,2010-10-10 09:00,0.072,2010-04-22 09:00,,,,,0.074,0.072,0.069,0.065,0.057,0.05,0.035,Corner,10005 CORNER SCHOOL ROAD,Alabama,Jefferson,,13820,"Birmingham-Hoover, AL",2020-05-21
117,01,073,5003,44201,1,33.801667,-86.9425,WGS84,Ozone,8-HR RUN AVG BEGIN HOUR,Ozone 8-Hour 2008,Daily maximum of 8 hour running average of observed hourly values,,2010,Parts per million,No Events,5361,90.0,Y,221,245,0,0,1.0,1.0,Uncertified (past due),0.049643,0.011454,0.082,2010-06-08 11:00,0.075,2010-04-15 12:00,0.074,2010-10-10 09:00,0.072,2010-04-22 09:00,,,,,0.074,0.072,0.069,0.065,0.057,0.05,0.035,Corner,10005 CORNER SCHOOL ROAD,Alabama,Jefferson,,13820,"Birmingham-Hoover, AL",2020-05-21
118,01,073,5003,44201,1,33.801667,-86.9425,WGS84,Ozone,8-HR RUN AVG BEGIN HOUR,Ozone 8-hour 2015,Daily maximum of 8-hour running average,,2010,Parts per million,No Events,3810,91.0,Y,222,245,0,0,10.0,10.0,Uncertified (past due),0.049423,0.011656,0.082,2010-06-08 11:00,0.075,2010-04-15 12:00,0.074,2010-10-10 09:00,0.072,2010-04-22 09:00,,,,,0.074,0.072,0.069,0.065,0.057,0.05,0.035,Corner,10005 CORNER SCHOOL ROAD,Alabama,Jefferson,,13820,"Birmingham-Hoover, AL",2020-05-21
119,01,073,5003,88502,3,33.801667,-86.9425,WGS84,Acceptable PM2.5 AQI & Speciation Mass,1 HOUR,,Observed Values,PM2.5 SCC w/No Correction Factor - TEOM Gravimetric 50 deg C,2010,Micrograms/cubic meter (LC),No Events,8442,96.0,Y,351,365,0,318,,,Certification not required,10.645167,5.768948,96.8,2010-02-28 18:00,74.9,2010-02-28 17:00,56.4,2010-04-01 19:00,51.5,2010-02-28 19:00,,,,,27.3,24.7,21.0,18.0,13.7,9.7,4.6,Corner,10005 CORNER SCHOOL ROAD,Alabama,Jefferson,,13820,"Birmingham-Hoover, AL",2020-05-21
120,01,073,5003,88502,3,33.801667,-86.9425,WGS84,Acceptable PM2.5 AQI & Speciation Mass,24-HR BLK AVG,,Observed Values,,2010,Micrograms/cubic meter (LC),No Events,351,96.0,Y,351,365,0,0,,,Certification not required,10.569231,4.030848,23.3,2010-09-20 00:00,22.0,2010-09-19 00:00,21.0,2010-04-15 00:00,20.9,2010-07-24 00:00,,,,,20.9,19.9,18.2,16.4,12.9,10.1,5.8,Corner,10005 CORNER SCHOOL ROAD,Alabama,Jefferson,,13820,"Birmingham-Hoover, AL",2020-05-21
121,01,073,1005,44201,1,33.331111,-87.003611,WGS84,Ozone,1 HOUR,Ozone 1-hour 1979,Daily maxima of observed hourly values (between 9:00 AM and 8:00 PM),INSTRUMENTAL - ULTRA VIOLET,2010,Parts per million,No Events,5802,99.0,Y,243,245,0,78,0.0,0.0,Uncertified (past due),0.052737,0.015153,0.1,2010-09-02 15:00,0.097,2010-10-09 15:00,0.092,2010-07-24 12:00,0.086,2010-08-07 12:00,,,,,0.092,0.085,0.078,0.072,0.062,0.052,0.032,McAdory, ROUTE 8 MCADORY,Alabama,Jefferson,,13820,"Birmingham-Hoover, AL",2020-05-21
122,01,073,1005,44201,1,33.331111,-87.003611,WGS84,Ozone,8-HR RUN AVG BEGIN HOUR,Ozone 8-Hour 1997,Daily maximum of 8 hour running average of observed hourly values,,2010,Parts per million,No Events,5820,99.0,Y,242,245,0,0,1.0,1.0,Uncertified (past due),0.045855,0.013121,0.086,2010-09-02 10:00,0.081,2010-10-09 09:00,0.076,2010-05-06 10:00,0.074,2010-08-26 10:00,,,,,0.076,0.074,0.067,0.063,0.055,0.046,0.028,McAdory, ROUTE 8 MCADORY,Alabama,Jefferson,,13820,"Birmingham-Hoover, AL",2020-05-21
123,01,073,1005,44201,1,33.331111,-87.003611,WGS84,Ozone,8-HR RUN AVG BEGIN HOUR,Ozone 8-Hour 2008,Daily maximum of 8 hour running average of observed hourly values,,2010,Parts per million,No Events,5820,99.0,Y,242,245,0,0,3.0,3.0,Uncertified (past due),0.045855,0.013121,0.086,2010-09-02 10:00,0.081,2010-10-09 09:00,0.076,2010-05-06 10:00,0.074,2010-08-26 10:00,,,,,0.076,0.074,0.067,0.063,0.055,0.046,0.028,McAdory, ROUTE 8 MCADORY,Alabama,Jefferson,,13820,"Birmingham-Hoover, AL",2020-05-21
124,01,073,1005,44201,1,33.331111,-87.003611,WGS84,Ozone,8-HR RUN AVG BEGIN HOUR,Ozone 8-hour 2015,Daily maximum of 8-hour running average,,2010,Parts per million,No Events,4127,99.0,Y,242,245,0,0,8.0,8.0,Uncertified (past due),0.045702,0.013203,0.086,2010-09-02 10:00,0.081,2010-10-09 09:00,0.076,2010-05-06 10:00,0.074,2010-08-26 10:00,,,,,0.076,0.074,0.067,0.063,0.055,0.046,0.028,McAdory, ROUTE 8 MCADORY,Alabama,Jefferson,,13820,"Birmingham-Hoover, AL",2020-05-21
125,01,073,1005,88502,3,33.331111,-87.003611,WGS84,Acceptable PM2.5 AQI & Speciation Mass,1 HOUR,,Observed Values,PM2.5 SCC w/No Correction Factor - TEOM Gravimetric 50 deg C,2010,Micrograms/cubic meter (LC),No Events,8708,99.0,Y,364,365,0,52,,,Certification not required,11.696371,6.615849,71.1,2010-05-22 19:00,57.4,2010-10-08 07:00,55.3,2010-04-13 18:00,51.6,2010-04-13 19:00,,,,,31.5,28.4,23.4,20.0,15.2,10.9,4.6,McAdory, ROUTE 8 MCADORY,Alabama,Jefferson,,13820,"Birmingham-Hoover, AL",2020-05-21
126,01,073,1005,88502,3,33.331111,-87.003611,WGS84,Acceptable PM2.5 AQI & Speciation Mass,24-HR BLK AVG,,Observed Values,,2010,Micrograms/cubic meter (LC),No Events,364,100.0,Y,364,365,0,0,,,Certification not required,11.641209,4.579419,26.0,2010-04-13 00:00,25.6,2010-10-08 00:00,25.1,2010-07-08 00:00,23.9,2010-07-23 00:00,,,,,23.9,22.4,19.7,18.0,14.5,11.1,6.1,McAdory, ROUTE 8 MCADORY,Alabama,Jefferson,,13820,"Birmingham-Hoover, AL",2020-05-21
127,01,119,0002,44201,1,32.36401,-88.201865,NAD83,Ozone,1 HOUR,Ozone 1-hour 1979,Daily maxima of observed hourly values (between 9:00 AM and 8:00 PM),INSTRUMENTAL - ULTRA VIOLET,2010,Parts per million,No Events,5533,99.0,Y,242,245,0,347,0.0,0.0,Uncertified (past due),0.046029,0.012454,0.079,2010-10-08 13:00,0.073,2010-10-09 11:00,0.072,2010-09-30 14:00,0.07,2010-04-11 13:00,,,,,0.072,0.07,0.067,0.063,0.055,0.046,0.03,GASTON (SUMTER),"SUMTER CO.,KINTERBISH STATE WILDLIFE MGT. AREA, GASTON, ALABAMA",Alabama,Sumter,,,,2020-05-21
128,01,119,0002,44201,1,32.36401,-88.201865,NAD83,Ozone,8-HR RUN AVG BEGIN HOUR,Ozone 8-Hour 1997,Daily maximum of 8 hour running average of observed hourly values,,2010,Parts per million,No Events,5785,99.0,Y,242,245,0,0,0.0,0.0,Uncertified (past due),0.041616,0.012538,0.076,2010-10-08 09:00,0.07,2010-10-09 09:00,0.067,2010-04-11 10:00,0.067,2010-04-12 10:00,,,,,0.067,0.066,0.062,0.059,0.051,0.042,0.025,GASTON (SUMTER),"SUMTER CO.,KINTERBISH STATE WILDLIFE MGT. AREA, GASTON, ALABAMA",Alabama,Sumter,,,,2020-05-21
129,01,119,0002,44201,1,32.36401,-88.201865,NAD83,Ozone,8-HR RUN AVG BEGIN HOUR,Ozone 8-Hour 2008,Daily maximum of 8 hour running average of observed hourly values,,2010,Parts per million,No Events,5785,99.0,Y,242,245,0,0,1.0,1.0,Uncertified (past due),0.041616,0.012538,0.076,2010-10-08 09:00,0.07,2010-10-09 09:00,0.067,2010-04-11 10:00,0.067,2010-04-12 10:00,,,,,0.067,0.066,0.062,0.059,0.051,0.042,0.025,GASTON (SUMTER),"SUMTER CO.,KINTERBISH STATE WILDLIFE MGT. AREA, GASTON, ALABAMA",Alabama,Sumter,,,,2020-05-21
130,01,119,0002,44201,1,32.36401,-88.201865,NAD83,Ozone,8-HR RUN AVG BEGIN HOUR,Ozone 8-hour 2015,Daily maximum of 8-hour running average,,2010,Parts per million,No Events,4109,98.0,Y,241,245,0,0,1.0,1.0,Uncertified (past due),0.041444,0.012645,0.076,2010-10-08 09:00,0.07,2010-10-09 09:00,0.067,2010-04-11 10:00,0.067,2010-04-12 10:00,,,,,0.067,0.066,0.062,0.059,0.051,0.042,0.025,GASTON (SUMTER),"SUMTER CO.,KINTERBISH STATE WILDLIFE MGT. AREA, GASTON, ALABAMA",Alabama,Sumter,,,,2020-05-21
131,01,073,1009,44201,1,33.459722,-87.305556,WGS84,Ozone,1 HOUR,Ozone 1-hour 1979,Daily maxima of observed hourly values (between 9:00 AM and 8:00 PM),INSTRUMENTAL - ULTRA VIOLET ABSORPTION,2010,Parts per million,No Events,5841,100.0,Y,245,245,0,39,0.0,0.0,Uncertified (past due),0.052253,0.013506,0.1,2010-06-21 15:00,0.089,2010-10-09 15:00,0.084,2010-10-08 15:00,0.083,2010-07-02 16:00,,,,,0.084,0.081,0.076,0.07,0.062,0.052,0.035,,1801 BRUCE SHAW ROAD,Alabama,Jefferson,,13820,"Birmingham-Hoover, AL",2020-05-21
132,01,073,1009,44201,1,33.459722,-87.305556,WGS84,Ozone,8-HR RUN AVG BEGIN HOUR,Ozone 8-Hour 1997,Daily maximum of 8 hour running average of observed hourly values,,2010,Parts per million,No Events,5859,100.0,Y,245,245,0,0,0.0,0.0,Uncertified (past due),0.047033,0.012302,0.081,2010-10-09 11:00,0.076,2010-06-21 10:00,0.076,2010-10-08 10:00,0.075,2010-04-12 12:00,,,,,0.076,0.075,0.068,0.064,0.055,0.046,0.031,,1801 BRUCE SHAW ROAD,Alabama,Jefferson,,13820,"Birmingham-Hoover, AL",2020-05-21
133,01,073,1009,44201,1,33.459722,-87.305556,WGS84,Ozone,8-HR RUN AVG BEGIN HOUR,Ozone 8-Hour 2008,Daily maximum of 8 hour running average of observed hourly values,,2010,Parts per million,No Events,5859,100.0,Y,245,245,0,0,3.0,3.0,Uncertified (past due),0.047033,0.012302,0.081,2010-10-09 11:00,0.076,2010-06-21 10:00,0.076,2010-10-08 10:00,0.075,2010-04-12 12:00,,,,,0.076,0.075,0.068,0.064,0.055,0.046,0.031,,1801 BRUCE SHAW ROAD,Alabama,Jefferson,,13820,"Birmingham-Hoover, AL",2020-05-21
134,01,073,1009,44201,1,33.459722,-87.305556,WGS84,Ozone,8-HR RUN AVG BEGIN HOUR,Ozone 8-hour 2015,Daily maximum of 8-hour running average,,2010,Parts per million,No Events,4161,100.0,Y,244,245,0,0,9.0,9.0,Uncertified (past due),0.046852,0.012387,0.081,2010-10-09 11:00,0.076,2010-06-21 10:00,0.076,2010-10-08 10:00,0.075,2010-04-12 12:00,,,,,0.076,0.075,0.068,0.064,0.055,0.046,0.031,,1801 BRUCE SHAW ROAD,Alabama,Jefferson,,13820,"Birmingham-Hoover, AL",2020-05-21
135,01,073,1009,88502,3,33.459722,-87.305556,WGS84,Acceptable PM2.5 AQI & Speciation Mass,1 HOUR,,Observed Values,PM2.5 SCC w/No Correction Factor - TEOM Gravimetric 50 deg C,2010,Micrograms/cubic meter (LC),No Events,8712,99.0,Y,364,365,0,48,,,Certification not required,10.319674,5.811297,118.2,2010-11-02 07:00,57.4,2010-04-06 13:00,53.9,2010-04-06 14:00,46.5,2010-10-17 04:00,,,,,26.2,23.6,20.4,17.8,13.7,9.5,4.1,,1801 BRUCE SHAW ROAD,Alabama,Jefferson,,13820,"Birmingham-Hoover, AL",2020-05-21
136,01,073,1009,88502,3,33.459722,-87.305556,WGS84,Acceptable PM2.5 AQI & Speciation Mass,24-HR BLK AVG,,Observed Values,,2010,Micrograms/cubic meter (LC),No Events,364,100.0,Y,364,365,0,0,,,Certification not required,10.265659,4.118172,21.5,2010-07-24 00:00,21.4,2010-09-19 00:00,21.0,2010-04-06 00:00,20.5,2010-05-07 00:00,,,,,20.5,19.8,17.6,16.0,13.3,10.0,5.3,,1801 BRUCE SHAW ROAD,Alabama,Jefferson,,13820,"Birmingham-Hoover, AL",2020-05-21
